Bootstrap Iteration,Source Feature,Business-Friendly Label,Mean Absolute SHAP,SHAP Rank,Top Feature
1,feature_past_5yr_total_donation,Total Donation Amount (Past 5 Years),0.0011105023173898132,7,False
1,feature_past_5yr_average_donation,Average Donation Amount (Past 5 Years),0.001221439933620407,5,False
1,feature_past_5yr_donation_frequency_rate,Donation Frequency Rate (Past 5 Years),0.0005469714078049852,8,False
1,feature_years_since_last_donation_past_5yr,Years Since Most Recent Donation,0.001184780850095058,6,False
1,feature_past_5yr_max_donation,Maximum Annual Donation Amount (Past 5 Years),0.001376966861661601,4,True
1,donor_age,Donor Age,0.00265512309345418,1,True
1,feature_gender_identity,Gender Identity,0.00213961691369962,2,True
1,feature_preferred_address_type,Preferred Address Type,0.001571014627929915,3,True
2,feature_past_5yr_total_donation,Total Donation Amount (Past 5 Years),0.0010322706386897461,7,False
2,feature_past_5yr_average_donation,Average Donation Amount (Past 5 Years),0.0011621928764685631,6,False
2,feature_past_5yr_donation_frequency_rate,Donation Frequency Rate (Past 5 Years),0.0005564562616120573,8,False
2,feature_years_since_last_donation_past_5yr,Years Since Most Recent Donation,0.001176087147926151,5,False
2,feature_past_5yr_max_donation,Maximum Annual Donation Amount (Past 5 Years),0.001269668503545726,4,True
2,donor_age,Donor Age,0.0026774647350822247,1,True
2,feature_gender_identity,Gender Identity,0.0021498351588062335,2,True
2,feature_preferred_address_type,Preferred Address Type,0.0015909005798383775,3,True
3,feature_past_5yr_total_donation,Total Donation Amount (Past 5 Years),0.0009815660750908757,7,False
3,feature_past_5yr_average_donation,Average Donation Amount (Past 5 Years),0.0011159187223874283,6,False
3,feature_past_5yr_donation_frequency_rate,Donation Frequency Rate (Past 5 Years),0.0005478813155488047,8,False
3,feature_years_since_last_donation_past_5yr,Years Since Most Recent Donation,0.0011327514353424125,5,False
3,feature_past_5yr_max_donation,Maximum Annual Donation Amount (Past 5 Years),0.001254439876775854,4,True
3,donor_age,Donor Age,0.0027511639856177598,1,True
3,feature_gender_identity,Gender Identity,0.0021012801731266,2,True
3,feature_preferred_address_type,Preferred Address Type,0.0016397431153639971,3,True
4,feature_past_5yr_total_donation,Total Donation Amount (Past 5 Years),0.0009587729539638502,7,False
4,feature_past_5yr_average_donation,Average Donation Amount (Past 5 Years),0.0010850248977279304,6,False
4,feature_past_5yr_donation_frequency_rate,Donation Frequency Rate (Past 5 Years),0.0005128133863193106,8,False
4,feature_years_since_last_donation_past_5yr,Years Since Most Recent Donation,0.001160035327826333,5,False
4,feature_past_5yr_max_donation,Maximum Annual Donation Amount (Past 5 Years),0.00117864801077167,4,True
4,donor_age,Donor Age,0.0026504189236977466,1,True
4,feature_gender_identity,Gender Identity,0.002113774080350227,2,True
4,feature_preferred_address_type,Preferred Address Type,0.0015448777183860892,3,True
5,feature_past_5yr_total_donation,Total Donation Amount (Past 5 Years),0.0010676681746745842,7,False
5,feature_past_5yr_average_donation,Average Donation Amount (Past 5 Years),0.0011988160076543395,6,False
5,feature_past_5yr_donation_frequency_rate,Donation Frequency Rate (Past 5 Years),0.00055596374775418,8,False
5,feature_years_since_last_donation_past_5yr,Years Since Most Recent Donation,0.0012134235358772245,5,False
5,feature_past_5yr_max_donation,Maximum Annual Donation Amount (Past 5 Years),0.0013096005199974249,4,True
5,donor_age,Donor Age,0.00266019784852754,1,True
5,feature_gender_identity,Gender Identity,0.002119097121676342,2,True
5,feature_preferred_address_type,Preferred Address Type,0.0016165316961998957,3,True
6,feature_past_5yr_total_donation,Total Donation Amount (Past 5 Years),0.0011027407846328201,7,False
6,feature_past_5yr_average_donation,Average Donation Amount (Past 5 Years),0.001218641081681545,5,False
6,feature_past_5yr_donation_frequency_rate,Donation Frequency Rate (Past 5 Years),0.0005513918363586765,8,False
6,feature_years_since_last_donation_past_5yr,Years Since Most Recent Donation,0.0011822645918155975,6,False
6,feature_past_5yr_max_donation,Maximum Annual Donation Amount (Past 5 Years),0.0013260041259302484,4,True
6,donor_age,Donor Age,0.0027368625466550104,1,True
6,feature_gender_identity,Gender Identity,0.002095757275618866,2,True
6,feature_preferred_address_type,Preferred Address Type,0.0015866209331924985,3,True
7,feature_past_5yr_total_donation,Total Donation Amount (Past 5 Years),0.0011286933006619984,7,False
7,feature_past_5yr_average_donation,Average Donation Amount (Past 5 Years),0.0012471637634617215,5,False
7,feature_past_5yr_donation_frequency_rate,Donation Frequency Rate (Past 5 Years),0.0005530191391232785,8,False
7,feature_years_since_last_donation_past_5yr,Years Since Most Recent Donation,0.0011948131587455869,6,False
7,feature_past_5yr_max_donation,Maximum Annual Donation Amount (Past 5 Years),0.0013576778575649408,4,True
7,donor_age,Donor Age,0.0028738195674858236,1,True
7,feature_gender_identity,Gender Identity,0.0021688173011753546,2,True
7,feature_preferred_address_type,Preferred Address Type,0.0016343738892554951,3,True
8,feature_past_5yr_total_donation,Total Donation Amount (Past 5 Years),0.0010691527800260436,7,False
8,feature_past_5yr_average_donation,Average Donation Amount (Past 5 Years),0.0012076269200738674,6,False
8,feature_past_5yr_donation_frequency_rate,Donation Frequency Rate (Past 5 Years),0.0005581434268861936,8,False
8,feature_years_since_last_donation_past_5yr,Years Since Most Recent Donation,0.0012272193257163878,5,False
8,feature_past_5yr_max_donation,Maximum Annual Donation Amount (Past 5 Years),0.001309711917004492,4,True
8,donor_age,Donor Age,0.0028200400595676136,1,True
8,feature_gender_identity,Gender Identity,0.00215056525732681,2,True
8,feature_preferred_address_type,Preferred Address Type,0.00160319304882798,3,True
9,feature_past_5yr_total_donation,Total Donation Amount (Past 5 Years),0.0010248080023065789,7,False
9,feature_past_5yr_average_donation,Average Donation Amount (Past 5 Years),0.001149535144634678,5,False
9,feature_past_5yr_donation_frequency_rate,Donation Frequency Rate (Past 5 Years),0.0005241901629729907,8,False
9,feature_years_since_last_donation_past_5yr,Years Since Most Recent Donation,0.0011382352741401852,6,False
9,feature_past_5yr_max_donation,Maximum Annual Donation Amount (Past 5 Years),0.0012290151620770354,4,True
9,donor_age,Donor Age,0.002700255230591585,1,True
9,feature_gender_identity,Gender Identity,0.0021397350260716915,2,True
9,feature_preferred_address_type,Preferred Address Type,0.0015815884299106133,3,True
10,feature_past_5yr_total_donation,Total Donation Amount (Past 5 Years),0.0010167973068686655,7,False
10,feature_past_5yr_average_donation,Average Donation Amount (Past 5 Years),0.0011436303448672353,6,False
10,feature_past_5yr_donation_frequency_rate,Donation Frequency Rate (Past 5 Years),0.0005239886910274382,8,False
10,feature_years_since_last_donation_past_5yr,Years Since Most Recent Donation,0.0011855400564484298,5,False
10,feature_past_5yr_max_donation,Maximum Annual Donation Amount (Past 5 Years),0.0012541465102782307,4,True
10,donor_age,Donor Age,0.0027086922684241544,1,True
10,feature_gender_identity,Gender Identity,0.0021190671778126354,2,True
10,feature_preferred_address_type,Preferred Address Type,0.001580095941942567,3,True
11,feature_past_5yr_total_donation,Total Donation Amount (Past 5 Years),0.0010796441953425501,7,False
11,feature_past_5yr_average_donation,Average Donation Amount (Past 5 Years),0.0012077176255907416,5,False
11,feature_past_5yr_donation_frequency_rate,Donation Frequency Rate (Past 5 Years),0.000556631524269231,8,False
11,feature_years_since_last_donation_past_5yr,Years Since Most Recent Donation,0.0011946012687664427,6,False
11,feature_past_5yr_max_donation,Maximum Annual Donation Amount (Past 5 Years),0.0013062001099920914,4,True
11,donor_age,Donor Age,0.0028740406797414437,1,True
11,feature_gender_identity,Gender Identity,0.0021225769384800855,2,True
11,feature_preferred_address_type,Preferred Address Type,0.0016136501730488113,3,True
12,feature_past_5yr_total_donation,Total Donation Amount (Past 5 Years),0.0012099980911679706,6,False
12,feature_past_5yr_average_donation,Average Donation Amount (Past 5 Years),0.0013287673699564622,5,False
12,feature_past_5yr_donation_frequency_rate,Donation Frequency Rate (Past 5 Years),0.0005594071719205272,8,False
12,feature_years_since_last_donation_past_5yr,Years Since Most Recent Donation,0.001188434714187632,7,False
12,feature_past_5yr_max_donation,Maximum Annual Donation Amount (Past 5 Years),0.0013937746509829817,4,True
12,donor_age,Donor Age,0.0027167934548354027,1,True
12,feature_gender_identity,Gender Identity,0.002126809039810304,2,True
12,feature_preferred_address_type,Preferred Address Type,0.0016628110219338314,3,True
13,feature_past_5yr_total_donation,Total Donation Amount (Past 5 Years),0.0009603874407410938,7,False
13,feature_past_5yr_average_donation,Average Donation Amount (Past 5 Years),0.0010958285112854784,6,False
13,feature_past_5yr_donation_frequency_rate,Donation Frequency Rate (Past 5 Years),0.0005526970157598755,8,False
13,feature_years_since_last_donation_past_5yr,Years Since Most Recent Donation,0.0011643666717068507,5,False
13,feature_past_5yr_max_donation,Maximum Annual Donation Amount (Past 5 Years),0.0012294565439159493,4,True
13,donor_age,Donor Age,0.0027938118661730766,1,True
13,feature_gender_identity,Gender Identity,0.002152747511388138,2,True
13,feature_preferred_address_type,Preferred Address Type,0.0016092347932908386,3,True
14,feature_past_5yr_total_donation,Total Donation Amount (Past 5 Years),0.0010600146532694814,7,False
14,feature_past_5yr_average_donation,Average Donation Amount (Past 5 Years),0.0011849488914211362,5,False
14,feature_past_5yr_donation_frequency_rate,Donation Frequency Rate (Past 5 Years),0.0005448126276693207,8,False
14,feature_years_since_last_donation_past_5yr,Years Since Most Recent Donation,0.0011799913695978773,6,False
14,feature_past_5yr_max_donation,Maximum Annual Donation Amount (Past 5 Years),0.0013239086648846007,4,True
14,donor_age,Donor Age,0.002719319019706086,1,True
14,feature_gender_identity,Gender Identity,0.002137257885079454,2,True
14,feature_preferred_address_type,Preferred Address Type,0.0015647681716525685,3,True
15,feature_past_5yr_total_donation,Total Donation Amount (Past 5 Years),0.0010816027804715815,7,False
15,feature_past_5yr_average_donation,Average Donation Amount (Past 5 Years),0.0012104226047432451,5,False
15,feature_past_5yr_donation_frequency_rate,Donation Frequency Rate (Past 5 Years),0.0005612717379143669,8,False
15,feature_years_since_last_donation_past_5yr,Years Since Most Recent Donation,0.0011862693684428186,6,False
15,feature_past_5yr_max_donation,Maximum Annual Donation Amount (Past 5 Years),0.0013135875639316184,4,True
15,donor_age,Donor Age,0.0025575046241075286,1,True
15,feature_gender_identity,Gender Identity,0.0020772675223081813,2,True
15,feature_preferred_address_type,Preferred Address Type,0.0015846278478679043,3,True
16,feature_past_5yr_total_donation,Total Donation Amount (Past 5 Years),0.0009070082379855976,7,False
16,feature_past_5yr_average_donation,Average Donation Amount (Past 5 Years),0.0010450767249082405,6,False
16,feature_past_5yr_donation_frequency_rate,Donation Frequency Rate (Past 5 Years),0.0005354120320254604,8,False
16,feature_years_since_last_donation_past_5yr,Years Since Most Recent Donation,0.0011539492746035116,5,False
16,feature_past_5yr_max_donation,Maximum Annual Donation Amount (Past 5 Years),0.001183153370490131,4,True
16,donor_age,Donor Age,0.0027929092078277317,1,True
16,feature_gender_identity,Gender Identity,0.00211153463136871,2,True
16,feature_preferred_address_type,Preferred Address Type,0.0017016689081992623,3,True
17,feature_past_5yr_total_donation,Total Donation Amount (Past 5 Years),0.0010758681356331456,7,False
17,feature_past_5yr_average_donation,Average Donation Amount (Past 5 Years),0.001209559872157548,6,False
17,feature_past_5yr_donation_frequency_rate,Donation Frequency Rate (Past 5 Years),0.0005790438260156968,8,False
17,feature_years_since_last_donation_past_5yr,Years Since Most Recent Donation,0.0012612752635412139,5,False
17,feature_past_5yr_max_donation,Maximum Annual Donation Amount (Past 5 Years),0.001288928067469985,4,True
17,donor_age,Donor Age,0.0026807894086920132,1,True
17,feature_gender_identity,Gender Identity,0.0020986859520628273,2,True
17,feature_preferred_address_type,Preferred Address Type,0.001560557509356324,3,True
18,feature_past_5yr_total_donation,Total Donation Amount (Past 5 Years),0.00117216582550798,6,False
18,feature_past_5yr_average_donation,Average Donation Amount (Past 5 Years),0.0012817723880292464,5,False
18,feature_past_5yr_donation_frequency_rate,Donation Frequency Rate (Past 5 Years),0.0005410306090091409,8,False
18,feature_years_since_last_donation_past_5yr,Years Since Most Recent Donation,0.0011658305717945371,7,False
18,feature_past_5yr_max_donation,Maximum Annual Donation Amount (Past 5 Years),0.0013436488443081143,4,True
18,donor_age,Donor Age,0.002782038416386626,1,True
18,feature_gender_identity,Gender Identity,0.0021150351945457397,2,True
18,feature_preferred_address_type,Preferred Address Type,0.0015801349759429352,3,True
19,feature_past_5yr_total_donation,Total Donation Amount (Past 5 Years),0.0009667551646757136,7,False
19,feature_past_5yr_average_donation,Average Donation Amount (Past 5 Years),0.0010934177339604052,6,False
19,feature_past_5yr_donation_frequency_rate,Donation Frequency Rate (Past 5 Years),0.0005332473551721697,8,False
19,feature_years_since_last_donation_past_5yr,Years Since Most Recent Donation,0.0011469843846205103,5,False
19,feature_past_5yr_max_donation,Maximum Annual Donation Amount (Past 5 Years),0.0012024753789411397,4,True
19,donor_age,Donor Age,0.0026064412555157476,1,True
19,feature_gender_identity,Gender Identity,0.0020751992505275915,2,True
19,feature_preferred_address_type,Preferred Address Type,0.0016036378374693382,3,True
20,feature_past_5yr_total_donation,Total Donation Amount (Past 5 Years),0.001083270874949942,7,False
20,feature_past_5yr_average_donation,Average Donation Amount (Past 5 Years),0.001207412962297718,5,False
20,feature_past_5yr_donation_frequency_rate,Donation Frequency Rate (Past 5 Years),0.000551079009895134,8,False
20,feature_years_since_last_donation_past_5yr,Years Since Most Recent Donation,0.0011816102190624197,6,False
20,feature_past_5yr_max_donation,Maximum Annual Donation Amount (Past 5 Years),0.0013248720361700654,4,True
20,donor_age,Donor Age,0.002780974403583239,1,True
20,feature_gender_identity,Gender Identity,0.002142775464073922,2,True
20,feature_preferred_address_type,Preferred Address Type,0.0016024484808330678,3,True
21,feature_past_5yr_total_donation,Total Donation Amount (Past 5 Years),0.0011302706103338916,7,False
21,feature_past_5yr_average_donation,Average Donation Amount (Past 5 Years),0.001265147551517536,5,False
21,feature_past_5yr_donation_frequency_rate,Donation Frequency Rate (Past 5 Years),0.0005672913285958147,8,False
21,feature_years_since_last_donation_past_5yr,Years Since Most Recent Donation,0.0011939828969715514,6,False
21,feature_past_5yr_max_donation,Maximum Annual Donation Amount (Past 5 Years),0.0013870147888890402,4,True
21,donor_age,Donor Age,0.002740883599355671,1,True
21,feature_gender_identity,Gender Identity,0.0021170245730896342,2,True
21,feature_preferred_address_type,Preferred Address Type,0.0016131903973541876,3,True
22,feature_past_5yr_total_donation,Total Donation Amount (Past 5 Years),0.0011783012917296538,7,False
22,feature_past_5yr_average_donation,Average Donation Amount (Past 5 Years),0.001329484824826488,5,False
22,feature_past_5yr_donation_frequency_rate,Donation Frequency Rate (Past 5 Years),0.0005300689755147838,8,False
22,feature_years_since_last_donation_past_5yr,Years Since Most Recent Donation,0.001183355181881508,6,False
22,feature_past_5yr_max_donation,Maximum Annual Donation Amount (Past 5 Years),0.001383328883098126,4,True
22,donor_age,Donor Age,0.002635828628586577,1,True
22,feature_gender_identity,Gender Identity,0.002113963082321382,2,True
22,feature_preferred_address_type,Preferred Address Type,0.0015769611984138682,3,True
23,feature_past_5yr_total_donation,Total Donation Amount (Past 5 Years),0.0011124070079397527,7,False
23,feature_past_5yr_average_donation,Average Donation Amount (Past 5 Years),0.001234668713112604,5,False
23,feature_past_5yr_donation_frequency_rate,Donation Frequency Rate (Past 5 Years),0.0005525976959022807,8,False
23,feature_years_since_last_donation_past_5yr,Years Since Most Recent Donation,0.001156255046377886,6,False
23,feature_past_5yr_max_donation,Maximum Annual Donation Amount (Past 5 Years),0.0014035882900462276,4,True
23,donor_age,Donor Age,0.0026931134164062064,1,True
23,feature_gender_identity,Gender Identity,0.002118037454083386,2,True
23,feature_preferred_address_type,Preferred Address Type,0.0015903609546882873,3,True
24,feature_past_5yr_total_donation,Total Donation Amount (Past 5 Years),0.001175730542551088,7,False
24,feature_past_5yr_average_donation,Average Donation Amount (Past 5 Years),0.0013028495971940364,5,False
24,feature_past_5yr_donation_frequency_rate,Donation Frequency Rate (Past 5 Years),0.000571833723140892,8,False
24,feature_years_since_last_donation_past_5yr,Years Since Most Recent Donation,0.001185826975638069,6,False
24,feature_past_5yr_max_donation,Maximum Annual Donation Amount (Past 5 Years),0.0013748151618421791,4,True
24,donor_age,Donor Age,0.0026643755071964386,1,True
24,feature_gender_identity,Gender Identity,0.0021069502542874923,2,True
24,feature_preferred_address_type,Preferred Address Type,0.0016434645741014472,3,True
25,feature_past_5yr_total_donation,Total Donation Amount (Past 5 Years),0.0011620526538570505,7,False
25,feature_past_5yr_average_donation,Average Donation Amount (Past 5 Years),0.0012989498410405002,5,False
25,feature_past_5yr_donation_frequency_rate,Donation Frequency Rate (Past 5 Years),0.000576733942174273,8,False
25,feature_years_since_last_donation_past_5yr,Years Since Most Recent Donation,0.0011806739884914345,6,False
25,feature_past_5yr_max_donation,Maximum Annual Donation Amount (Past 5 Years),0.001381272847573788,4,True
25,donor_age,Donor Age,0.002692536619812525,1,True
25,feature_gender_identity,Gender Identity,0.00209873973638244,2,True
25,feature_preferred_address_type,Preferred Address Type,0.0016056374980529006,3,True
26,feature_past_5yr_total_donation,Total Donation Amount (Past 5 Years),0.0011776929872415471,7,False
26,feature_past_5yr_average_donation,Average Donation Amount (Past 5 Years),0.0013019284801333774,5,False
26,feature_past_5yr_donation_frequency_rate,Donation Frequency Rate (Past 5 Years),0.0005550930700295027,8,False
26,feature_years_since_last_donation_past_5yr,Years Since Most Recent Donation,0.0012158410587999875,6,False
26,feature_past_5yr_max_donation,Maximum Annual Donation Amount (Past 5 Years),0.0013737467079408664,4,True
26,donor_age,Donor Age,0.0026391780604241417,1,True
26,feature_gender_identity,Gender Identity,0.0021449756248063914,2,True
26,feature_preferred_address_type,Preferred Address Type,0.0015847230635937972,3,True
27,feature_past_5yr_total_donation,Total Donation Amount (Past 5 Years),0.001015599970414027,7,False
27,feature_past_5yr_average_donation,Average Donation Amount (Past 5 Years),0.0011277487031196014,6,False
27,feature_past_5yr_donation_frequency_rate,Donation Frequency Rate (Past 5 Years),0.0005278843421915978,8,False
27,feature_years_since_last_donation_past_5yr,Years Since Most Recent Donation,0.0011943391405592255,5,False
27,feature_past_5yr_max_donation,Maximum Annual Donation Amount (Past 5 Years),0.0012335648231833248,4,True
27,donor_age,Donor Age,0.002867384994279243,1,True
27,feature_gender_identity,Gender Identity,0.0021525928667043234,2,True
27,feature_preferred_address_type,Preferred Address Type,0.0016164813462463741,3,True
28,feature_past_5yr_total_donation,Total Donation Amount (Past 5 Years),0.001255851067407412,6,False
28,feature_past_5yr_average_donation,Average Donation Amount (Past 5 Years),0.0013650730602607296,5,False
28,feature_past_5yr_donation_frequency_rate,Donation Frequency Rate (Past 5 Years),0.0005531687317768549,8,False
28,feature_years_since_last_donation_past_5yr,Years Since Most Recent Donation,0.0012184873383475354,7,False
28,feature_past_5yr_max_donation,Maximum Annual Donation Amount (Past 5 Years),0.001430173962802328,4,True
28,donor_age,Donor Age,0.002714164472344365,1,True
28,feature_gender_identity,Gender Identity,0.0021205929664273255,2,True
28,feature_preferred_address_type,Preferred Address Type,0.0016715584978898369,3,True
29,feature_past_5yr_total_donation,Total Donation Amount (Past 5 Years),0.0011437162129518225,7,False
29,feature_past_5yr_average_donation,Average Donation Amount (Past 5 Years),0.0012894713127633382,5,False
29,feature_past_5yr_donation_frequency_rate,Donation Frequency Rate (Past 5 Years),0.0005437501085166262,8,False
29,feature_years_since_last_donation_past_5yr,Years Since Most Recent Donation,0.0011809169039860552,6,False
29,feature_past_5yr_max_donation,Maximum Annual Donation Amount (Past 5 Years),0.0013370263058579887,4,True
29,donor_age,Donor Age,0.002649825297007841,1,True
29,feature_gender_identity,Gender Identity,0.0021181435427213547,2,True
29,feature_preferred_address_type,Preferred Address Type,0.0016122839101067037,3,True
30,feature_past_5yr_total_donation,Total Donation Amount (Past 5 Years),0.0011063937961473893,7,False
30,feature_past_5yr_average_donation,Average Donation Amount (Past 5 Years),0.0012445914176774237,5,False
30,feature_past_5yr_donation_frequency_rate,Donation Frequency Rate (Past 5 Years),0.0005570833741405683,8,False
30,feature_years_since_last_donation_past_5yr,Years Since Most Recent Donation,0.0011996611581696216,6,False
30,feature_past_5yr_max_donation,Maximum Annual Donation Amount (Past 5 Years),0.0013380239512248088,4,True
30,donor_age,Donor Age,0.0026361497413267166,1,True
30,feature_gender_identity,Gender Identity,0.0021070808977095316,2,True
30,feature_preferred_address_type,Preferred Address Type,0.0016136752784954537,3,True
31,feature_past_5yr_total_donation,Total Donation Amount (Past 5 Years),0.0010278285516385369,7,False
31,feature_past_5yr_average_donation,Average Donation Amount (Past 5 Years),0.0011455169917640486,6,False
31,feature_past_5yr_donation_frequency_rate,Donation Frequency Rate (Past 5 Years),0.0005380956195122319,8,False
31,feature_years_since_last_donation_past_5yr,Years Since Most Recent Donation,0.001162670085281054,5,False
31,feature_past_5yr_max_donation,Maximum Annual Donation Amount (Past 5 Years),0.001263123877153364,4,True
31,donor_age,Donor Age,0.0027204739483900242,1,True
31,feature_gender_identity,Gender Identity,0.0021168653342300936,2,True
31,feature_preferred_address_type,Preferred Address Type,0.0016500220392268374,3,True
32,feature_past_5yr_total_donation,Total Donation Amount (Past 5 Years),0.0009891132333954627,7,False
32,feature_past_5yr_average_donation,Average Donation Amount (Past 5 Years),0.0011141405242905554,6,False
32,feature_past_5yr_donation_frequency_rate,Donation Frequency Rate (Past 5 Years),0.0005386515218979092,8,False
32,feature_years_since_last_donation_past_5yr,Years Since Most Recent Donation,0.0011908764788622834,5,False
32,feature_past_5yr_max_donation,Maximum Annual Donation Amount (Past 5 Years),0.0012225782385850252,4,True
32,donor_age,Donor Age,0.0025605468957741657,1,True
32,feature_gender_identity,Gender Identity,0.002109993993039276,2,True
32,feature_preferred_address_type,Preferred Address Type,0.0015806701922548578,3,True
33,feature_past_5yr_total_donation,Total Donation Amount (Past 5 Years),0.001059389483757302,7,False
33,feature_past_5yr_average_donation,Average Donation Amount (Past 5 Years),0.001187429831139729,5,False
33,feature_past_5yr_donation_frequency_rate,Donation Frequency Rate (Past 5 Years),0.000544560901576366,8,False
33,feature_years_since_last_donation_past_5yr,Years Since Most Recent Donation,0.0011613736794953355,6,False
33,feature_past_5yr_max_donation,Maximum Annual Donation Amount (Past 5 Years),0.0012812024875747431,4,True
33,donor_age,Donor Age,0.00274869101013668,1,True
33,feature_gender_identity,Gender Identity,0.0020586715032912765,2,True
33,feature_preferred_address_type,Preferred Address Type,0.001564378802581716,3,True
34,feature_past_5yr_total_donation,Total Donation Amount (Past 5 Years),0.0009795362334824869,7,False
34,feature_past_5yr_average_donation,Average Donation Amount (Past 5 Years),0.0011108505406163028,6,False
34,feature_past_5yr_donation_frequency_rate,Donation Frequency Rate (Past 5 Years),0.0005453438275380778,8,False
34,feature_years_since_last_donation_past_5yr,Years Since Most Recent Donation,0.0011913317301411306,5,False
34,feature_past_5yr_max_donation,Maximum Annual Donation Amount (Past 5 Years),0.0012524934792632484,4,True
34,donor_age,Donor Age,0.0026709986301552595,1,True
34,feature_gender_identity,Gender Identity,0.0021366157838427088,2,True
34,feature_preferred_address_type,Preferred Address Type,0.0016038781846835263,3,True
35,feature_past_5yr_total_donation,Total Donation Amount (Past 5 Years),0.0010566145253099364,7,False
35,feature_past_5yr_average_donation,Average Donation Amount (Past 5 Years),0.0011822851193322758,5,False
35,feature_past_5yr_donation_frequency_rate,Donation Frequency Rate (Past 5 Years),0.0005700967395889421,8,False
35,feature_years_since_last_donation_past_5yr,Years Since Most Recent Donation,0.0011725752108676783,6,False
35,feature_past_5yr_max_donation,Maximum Annual Donation Amount (Past 5 Years),0.0013195316122319594,4,True
35,donor_age,Donor Age,0.002906689126051436,1,True
35,feature_gender_identity,Gender Identity,0.0021504255135536797,2,True
35,feature_preferred_address_type,Preferred Address Type,0.0015595606474077305,3,True
36,feature_past_5yr_total_donation,Total Donation Amount (Past 5 Years),0.0011076140110492555,7,False
36,feature_past_5yr_average_donation,Average Donation Amount (Past 5 Years),0.0012379852419714306,5,False
36,feature_past_5yr_donation_frequency_rate,Donation Frequency Rate (Past 5 Years),0.0005545419191633012,8,False
36,feature_years_since_last_donation_past_5yr,Years Since Most Recent Donation,0.0011848347413915498,6,False
36,feature_past_5yr_max_donation,Maximum Annual Donation Amount (Past 5 Years),0.0013080514220693033,4,True
36,donor_age,Donor Age,0.002792296864451307,1,True
36,feature_gender_identity,Gender Identity,0.0021511517686549236,2,True
36,feature_preferred_address_type,Preferred Address Type,0.0015877685312543541,3,True
37,feature_past_5yr_total_donation,Total Donation Amount (Past 5 Years),0.0009522061500832372,7,False
37,feature_past_5yr_average_donation,Average Donation Amount (Past 5 Years),0.0010824862142723437,6,False
37,feature_past_5yr_donation_frequency_rate,Donation Frequency Rate (Past 5 Years),0.0005538805944142158,8,False
37,feature_years_since_last_donation_past_5yr,Years Since Most Recent Donation,0.0011970780032759124,5,False
37,feature_past_5yr_max_donation,Maximum Annual Donation Amount (Past 5 Years),0.0012322668130157377,4,True
37,donor_age,Donor Age,0.0027959130075318568,1,True
37,feature_gender_identity,Gender Identity,0.0021750534717857963,2,True
37,feature_preferred_address_type,Preferred Address Type,0.0015956551905632558,3,True
38,feature_past_5yr_total_donation,Total Donation Amount (Past 5 Years),0.001082551062963393,7,False
38,feature_past_5yr_average_donation,Average Donation Amount (Past 5 Years),0.0012098621871902192,5,False
38,feature_past_5yr_donation_frequency_rate,Donation Frequency Rate (Past 5 Years),0.0005603862771506413,8,False
38,feature_years_since_last_donation_past_5yr,Years Since Most Recent Donation,0.0011945682925372785,6,False
38,feature_past_5yr_max_donation,Maximum Annual Donation Amount (Past 5 Years),0.001330554988139562,4,True
38,donor_age,Donor Age,0.002787462527394588,1,True
38,feature_gender_identity,Gender Identity,0.0020961234264609595,2,True
38,feature_preferred_address_type,Preferred Address Type,0.0016334217509356142,3,True
39,feature_past_5yr_total_donation,Total Donation Amount (Past 5 Years),0.0011138671163664383,7,False
39,feature_past_5yr_average_donation,Average Donation Amount (Past 5 Years),0.0012487263071616719,5,False
39,feature_past_5yr_donation_frequency_rate,Donation Frequency Rate (Past 5 Years),0.0005497088362692481,8,False
39,feature_years_since_last_donation_past_5yr,Years Since Most Recent Donation,0.0011364736604699876,6,False
39,feature_past_5yr_max_donation,Maximum Annual Donation Amount (Past 5 Years),0.0013250418134586246,4,True
39,donor_age,Donor Age,0.0028365848141033174,1,True
39,feature_gender_identity,Gender Identity,0.002158752039840514,2,True
39,feature_preferred_address_type,Preferred Address Type,0.0015582188914106529,3,True
40,feature_past_5yr_total_donation,Total Donation Amount (Past 5 Years),0.001025113929786089,7,False
40,feature_past_5yr_average_donation,Average Donation Amount (Past 5 Years),0.0011558029838297885,6,False
40,feature_past_5yr_donation_frequency_rate,Donation Frequency Rate (Past 5 Years),0.000544374198951736,8,False
40,feature_years_since_last_donation_past_5yr,Years Since Most Recent Donation,0.001165871481533195,5,False
40,feature_past_5yr_max_donation,Maximum Annual Donation Amount (Past 5 Years),0.0012259341603901499,4,True
40,donor_age,Donor Age,0.0026782002905617807,1,True
40,feature_gender_identity,Gender Identity,0.002134864282783215,2,True
40,feature_preferred_address_type,Preferred Address Type,0.0015716001210290581,3,True
41,feature_past_5yr_total_donation,Total Donation Amount (Past 5 Years),0.001100780173705998,7,False
41,feature_past_5yr_average_donation,Average Donation Amount (Past 5 Years),0.0012043134686987155,5,False
41,feature_past_5yr_donation_frequency_rate,Donation Frequency Rate (Past 5 Years),0.0005369458474348102,8,False
41,feature_years_since_last_donation_past_5yr,Years Since Most Recent Donation,0.0011745231622282543,6,False
41,feature_past_5yr_max_donation,Maximum Annual Donation Amount (Past 5 Years),0.0013238527852391694,4,True
41,donor_age,Donor Age,0.0027192918475814174,1,True
41,feature_gender_identity,Gender Identity,0.00210520554899112,2,True
41,feature_preferred_address_type,Preferred Address Type,0.0016077188282274404,3,True
42,feature_past_5yr_total_donation,Total Donation Amount (Past 5 Years),0.0011058997096980788,7,False
42,feature_past_5yr_average_donation,Average Donation Amount (Past 5 Years),0.0012331238363502352,5,False
42,feature_past_5yr_donation_frequency_rate,Donation Frequency Rate (Past 5 Years),0.0005515505014055136,8,False
42,feature_years_since_last_donation_past_5yr,Years Since Most Recent Donation,0.001191825350331801,6,False
42,feature_past_5yr_max_donation,Maximum Annual Donation Amount (Past 5 Years),0.0013504639767488698,4,True
42,donor_age,Donor Age,0.0028329520364954747,1,True
42,feature_gender_identity,Gender Identity,0.0021284833088976505,2,True
42,feature_preferred_address_type,Preferred Address Type,0.0016148861437395709,3,True
43,feature_past_5yr_total_donation,Total Donation Amount (Past 5 Years),0.0011410709330880316,7,False
43,feature_past_5yr_average_donation,Average Donation Amount (Past 5 Years),0.0012746397326915955,5,False
43,feature_past_5yr_donation_frequency_rate,Donation Frequency Rate (Past 5 Years),0.0005573881193411369,8,False
43,feature_years_since_last_donation_past_5yr,Years Since Most Recent Donation,0.0011995749170578603,6,False
43,feature_past_5yr_max_donation,Maximum Annual Donation Amount (Past 5 Years),0.0013231727203162924,4,True
43,donor_age,Donor Age,0.0027091557818747806,1,True
43,feature_gender_identity,Gender Identity,0.002106001964909673,2,True
43,feature_preferred_address_type,Preferred Address Type,0.0016299112395599586,3,True
44,feature_past_5yr_total_donation,Total Donation Amount (Past 5 Years),0.001162015703701705,7,False
44,feature_past_5yr_average_donation,Average Donation Amount (Past 5 Years),0.0012911914426845669,5,False
44,feature_past_5yr_donation_frequency_rate,Donation Frequency Rate (Past 5 Years),0.0005488011955822548,8,False
44,feature_years_since_last_donation_past_5yr,Years Since Most Recent Donation,0.0012012406569795703,6,False
44,feature_past_5yr_max_donation,Maximum Annual Donation Amount (Past 5 Years),0.0013740996803151347,4,True
44,donor_age,Donor Age,0.0028176774474077634,1,True
44,feature_gender_identity,Gender Identity,0.0021336979328547634,2,True
44,feature_preferred_address_type,Preferred Address Type,0.0016460951693014075,3,True
45,feature_past_5yr_total_donation,Total Donation Amount (Past 5 Years),0.0011781929189518651,7,False
45,feature_past_5yr_average_donation,Average Donation Amount (Past 5 Years),0.0012968616534999344,5,False
45,feature_past_5yr_donation_frequency_rate,Donation Frequency Rate (Past 5 Years),0.0005470295922136176,8,False
45,feature_years_since_last_donation_past_5yr,Years Since Most Recent Donation,0.0012404662440310124,6,False
45,feature_past_5yr_max_donation,Maximum Annual Donation Amount (Past 5 Years),0.0013354017800807443,4,True
45,donor_age,Donor Age,0.0028178303761700624,1,True
45,feature_gender_identity,Gender Identity,0.002167599234733786,2,True
45,feature_preferred_address_type,Preferred Address Type,0.0016521688639977103,3,True
46,feature_past_5yr_total_donation,Total Donation Amount (Past 5 Years),0.0011413325239672191,7,False
46,feature_past_5yr_average_donation,Average Donation Amount (Past 5 Years),0.0012581294222763658,5,False
46,feature_past_5yr_donation_frequency_rate,Donation Frequency Rate (Past 5 Years),0.0005552996583401902,8,False
46,feature_years_since_last_donation_past_5yr,Years Since Most Recent Donation,0.0011789780488579505,6,False
46,feature_past_5yr_max_donation,Maximum Annual Donation Amount (Past 5 Years),0.0013005865263436634,4,True
46,donor_age,Donor Age,0.0027687169729947803,1,True
46,feature_gender_identity,Gender Identity,0.0021499930360686544,2,True
46,feature_preferred_address_type,Preferred Address Type,0.00161217622530914,3,True
47,feature_past_5yr_total_donation,Total Donation Amount (Past 5 Years),0.0008236310059019136,7,False
47,feature_past_5yr_average_donation,Average Donation Amount (Past 5 Years),0.0009573329513332432,6,False
47,feature_past_5yr_donation_frequency_rate,Donation Frequency Rate (Past 5 Years),0.0005529742044800037,8,False
47,feature_years_since_last_donation_past_5yr,Years Since Most Recent Donation,0.0011614232377471325,4,True
47,feature_past_5yr_max_donation,Maximum Annual Donation Amount (Past 5 Years),0.0011161681265011974,5,False
47,donor_age,Donor Age,0.00263268953963669,1,True
47,feature_gender_identity,Gender Identity,0.002095235756336713,2,True
47,feature_preferred_address_type,Preferred Address Type,0.0016124863620482917,3,True
48,feature_past_5yr_total_donation,Total Donation Amount (Past 5 Years),0.0010134525811532206,7,False
48,feature_past_5yr_average_donation,Average Donation Amount (Past 5 Years),0.0011486393474109738,6,False
48,feature_past_5yr_donation_frequency_rate,Donation Frequency Rate (Past 5 Years),0.0005563145374660737,8,False
48,feature_years_since_last_donation_past_5yr,Years Since Most Recent Donation,0.0011940189149372117,5,False
48,feature_past_5yr_max_donation,Maximum Annual Donation Amount (Past 5 Years),0.0012603405237237141,4,True
48,donor_age,Donor Age,0.002757783613271697,1,True
48,feature_gender_identity,Gender Identity,0.0021346225117867407,2,True
48,feature_preferred_address_type,Preferred Address Type,0.0015829429600344492,3,True
49,feature_past_5yr_total_donation,Total Donation Amount (Past 5 Years),0.001064024617617524,7,False
49,feature_past_5yr_average_donation,Average Donation Amount (Past 5 Years),0.0011930431620045233,6,False
49,feature_past_5yr_donation_frequency_rate,Donation Frequency Rate (Past 5 Years),0.0005446069401955906,8,False
49,feature_years_since_last_donation_past_5yr,Years Since Most Recent Donation,0.0012000952080698465,5,False
49,feature_past_5yr_max_donation,Maximum Annual Donation Amount (Past 5 Years),0.0012618406406117752,4,True
49,donor_age,Donor Age,0.002720243067550742,1,True
49,feature_gender_identity,Gender Identity,0.002109049501693535,2,True
49,feature_preferred_address_type,Preferred Address Type,0.0016381475452535554,3,True
50,feature_past_5yr_total_donation,Total Donation Amount (Past 5 Years),0.0009930385127367403,7,False
50,feature_past_5yr_average_donation,Average Donation Amount (Past 5 Years),0.0011279299129802838,6,False
50,feature_past_5yr_donation_frequency_rate,Donation Frequency Rate (Past 5 Years),0.0005303404068387283,8,False
50,feature_years_since_last_donation_past_5yr,Years Since Most Recent Donation,0.00119798495099037,5,False
50,feature_past_5yr_max_donation,Maximum Annual Donation Amount (Past 5 Years),0.0012552657591218068,4,True
50,donor_age,Donor Age,0.0025478639881860166,1,True
50,feature_gender_identity,Gender Identity,0.0021329592344146364,2,True
50,feature_preferred_address_type,Preferred Address Type,0.001556764393093162,3,True
51,feature_past_5yr_total_donation,Total Donation Amount (Past 5 Years),0.0010058417107875113,7,False
51,feature_past_5yr_average_donation,Average Donation Amount (Past 5 Years),0.0011393017881912678,6,False
51,feature_past_5yr_donation_frequency_rate,Donation Frequency Rate (Past 5 Years),0.00055342811557192,8,False
51,feature_years_since_last_donation_past_5yr,Years Since Most Recent Donation,0.001200212745714006,5,False
51,feature_past_5yr_max_donation,Maximum Annual Donation Amount (Past 5 Years),0.0012190386871719456,4,True
51,donor_age,Donor Age,0.002824217594022032,1,True
51,feature_gender_identity,Gender Identity,0.002132514358213315,2,True
51,feature_preferred_address_type,Preferred Address Type,0.0015769401636142695,3,True
52,feature_past_5yr_total_donation,Total Donation Amount (Past 5 Years),0.001156443270843789,7,False
52,feature_past_5yr_average_donation,Average Donation Amount (Past 5 Years),0.0012798005001815964,5,False
52,feature_past_5yr_donation_frequency_rate,Donation Frequency Rate (Past 5 Years),0.0005662813001942218,8,False
52,feature_years_since_last_donation_past_5yr,Years Since Most Recent Donation,0.001190823264969507,6,False
52,feature_past_5yr_max_donation,Maximum Annual Donation Amount (Past 5 Years),0.0013689740113831876,4,True
52,donor_age,Donor Age,0.0027780372416434454,1,True
52,feature_gender_identity,Gender Identity,0.0021459722986786793,2,True
52,feature_preferred_address_type,Preferred Address Type,0.0015960200954556868,3,True
53,feature_past_5yr_total_donation,Total Donation Amount (Past 5 Years),0.0009293407536672942,7,False
53,feature_past_5yr_average_donation,Average Donation Amount (Past 5 Years),0.0010655503618644826,6,False
53,feature_past_5yr_donation_frequency_rate,Donation Frequency Rate (Past 5 Years),0.0005414160613580112,8,False
53,feature_years_since_last_donation_past_5yr,Years Since Most Recent Donation,0.0011645757821589935,5,False
53,feature_past_5yr_max_donation,Maximum Annual Donation Amount (Past 5 Years),0.001204774306848548,4,True
53,donor_age,Donor Age,0.002815852034365197,1,True
53,feature_gender_identity,Gender Identity,0.0021263009575583926,2,True
53,feature_preferred_address_type,Preferred Address Type,0.0016434771132591453,3,True
54,feature_past_5yr_total_donation,Total Donation Amount (Past 5 Years),0.001008000401737717,7,False
54,feature_past_5yr_average_donation,Average Donation Amount (Past 5 Years),0.0011292697730674371,6,False
54,feature_past_5yr_donation_frequency_rate,Donation Frequency Rate (Past 5 Years),0.0005681579822593454,8,False
54,feature_years_since_last_donation_past_5yr,Years Since Most Recent Donation,0.0012189768323736365,5,False
54,feature_past_5yr_max_donation,Maximum Annual Donation Amount (Past 5 Years),0.0012725757392525456,4,True
54,donor_age,Donor Age,0.0027483887968190123,1,True
54,feature_gender_identity,Gender Identity,0.002118418204656278,2,True
54,feature_preferred_address_type,Preferred Address Type,0.0016364861778951298,3,True
55,feature_past_5yr_total_donation,Total Donation Amount (Past 5 Years),0.0011363119905246715,7,False
55,feature_past_5yr_average_donation,Average Donation Amount (Past 5 Years),0.001263038159106731,5,False
55,feature_past_5yr_donation_frequency_rate,Donation Frequency Rate (Past 5 Years),0.0005447989927831149,8,False
55,feature_years_since_last_donation_past_5yr,Years Since Most Recent Donation,0.0011414122203541718,6,False
55,feature_past_5yr_max_donation,Maximum Annual Donation Amount (Past 5 Years),0.0013551565219798692,4,True
55,donor_age,Donor Age,0.002696039715010072,1,True
55,feature_gender_identity,Gender Identity,0.002108174862040965,2,True
55,feature_preferred_address_type,Preferred Address Type,0.0016062867275468398,3,True
56,feature_past_5yr_total_donation,Total Donation Amount (Past 5 Years),0.0010033919741987967,7,False
56,feature_past_5yr_average_donation,Average Donation Amount (Past 5 Years),0.0011326724595019655,6,False
56,feature_past_5yr_donation_frequency_rate,Donation Frequency Rate (Past 5 Years),0.0005507790941805691,8,False
56,feature_years_since_last_donation_past_5yr,Years Since Most Recent Donation,0.0012099774975363497,5,False
56,feature_past_5yr_max_donation,Maximum Annual Donation Amount (Past 5 Years),0.0012778109870907682,4,True
56,donor_age,Donor Age,0.00273999988883422,1,True
56,feature_gender_identity,Gender Identity,0.002113125108498337,2,True
56,feature_preferred_address_type,Preferred Address Type,0.0015934316300592608,3,True
57,feature_past_5yr_total_donation,Total Donation Amount (Past 5 Years),0.000971240342887488,7,False
57,feature_past_5yr_average_donation,Average Donation Amount (Past 5 Years),0.0011084589701892572,6,False
57,feature_past_5yr_donation_frequency_rate,Donation Frequency Rate (Past 5 Years),0.0005412887991020993,8,False
57,feature_years_since_last_donation_past_5yr,Years Since Most Recent Donation,0.0012264659611592775,4,True
57,feature_past_5yr_max_donation,Maximum Annual Donation Amount (Past 5 Years),0.0012189129523986447,5,False
57,donor_age,Donor Age,0.002879680871257697,1,True
57,feature_gender_identity,Gender Identity,0.002135467221318443,2,True
57,feature_preferred_address_type,Preferred Address Type,0.0016321527094640901,3,True
58,feature_past_5yr_total_donation,Total Donation Amount (Past 5 Years),0.0012488389471954286,6,False
58,feature_past_5yr_average_donation,Average Donation Amount (Past 5 Years),0.001375162216542067,5,False
58,feature_past_5yr_donation_frequency_rate,Donation Frequency Rate (Past 5 Years),0.0005927237183936091,8,False
58,feature_years_since_last_donation_past_5yr,Years Since Most Recent Donation,0.0012324928185790734,7,False
58,feature_past_5yr_max_donation,Maximum Annual Donation Amount (Past 5 Years),0.0014194866125995628,4,True
58,donor_age,Donor Age,0.0026820973719783978,1,True
58,feature_gender_identity,Gender Identity,0.0021413150194045144,2,True
58,feature_preferred_address_type,Preferred Address Type,0.0016815882694427011,3,True
59,feature_past_5yr_total_donation,Total Donation Amount (Past 5 Years),0.0010154252770959845,7,False
59,feature_past_5yr_average_donation,Average Donation Amount (Past 5 Years),0.0011352541821120137,6,False
59,feature_past_5yr_donation_frequency_rate,Donation Frequency Rate (Past 5 Years),0.0005687045974867261,8,False
59,feature_years_since_last_donation_past_5yr,Years Since Most Recent Donation,0.0012086206269784976,5,False
59,feature_past_5yr_max_donation,Maximum Annual Donation Amount (Past 5 Years),0.0012471989558499085,4,True
59,donor_age,Donor Age,0.0027553305833894768,1,True
59,feature_gender_identity,Gender Identity,0.0021239689286240543,2,True
59,feature_preferred_address_type,Preferred Address Type,0.0015709806383452736,3,True
60,feature_past_5yr_total_donation,Total Donation Amount (Past 5 Years),0.001096503203619716,7,False
60,feature_past_5yr_average_donation,Average Donation Amount (Past 5 Years),0.001228201113494755,6,False
60,feature_past_5yr_donation_frequency_rate,Donation Frequency Rate (Past 5 Years),0.0005731136099898315,8,False
60,feature_years_since_last_donation_past_5yr,Years Since Most Recent Donation,0.001237720018684044,5,False
60,feature_past_5yr_max_donation,Maximum Annual Donation Amount (Past 5 Years),0.001342967346141051,4,True
60,donor_age,Donor Age,0.0026667312641688017,1,True
60,feature_gender_identity,Gender Identity,0.002125610368770125,2,True
60,feature_preferred_address_type,Preferred Address Type,0.0016183201116048895,3,True
61,feature_past_5yr_total_donation,Total Donation Amount (Past 5 Years),0.0011378032019698425,7,False
61,feature_past_5yr_average_donation,Average Donation Amount (Past 5 Years),0.0012566132063931122,5,False
61,feature_past_5yr_donation_frequency_rate,Donation Frequency Rate (Past 5 Years),0.0005537831636786044,8,False
61,feature_years_since_last_donation_past_5yr,Years Since Most Recent Donation,0.0011942056362465288,6,False
61,feature_past_5yr_max_donation,Maximum Annual Donation Amount (Past 5 Years),0.0013612130298581678,4,True
61,donor_age,Donor Age,0.0026306693524804654,1,True
61,feature_gender_identity,Gender Identity,0.0021446277996814917,2,True
61,feature_preferred_address_type,Preferred Address Type,0.0016315596827161272,3,True
62,feature_past_5yr_total_donation,Total Donation Amount (Past 5 Years),0.0010977115268682865,7,False
62,feature_past_5yr_average_donation,Average Donation Amount (Past 5 Years),0.0012308948561316406,5,False
62,feature_past_5yr_donation_frequency_rate,Donation Frequency Rate (Past 5 Years),0.0005377847805560258,8,False
62,feature_years_since_last_donation_past_5yr,Years Since Most Recent Donation,0.0011921840409832326,6,False
62,feature_past_5yr_max_donation,Maximum Annual Donation Amount (Past 5 Years),0.0013033022824791545,4,True
62,donor_age,Donor Age,0.0027140375700142752,1,True
62,feature_gender_identity,Gender Identity,0.0021066724347379557,2,True
62,feature_preferred_address_type,Preferred Address Type,0.0015749432284278735,3,True
63,feature_past_5yr_total_donation,Total Donation Amount (Past 5 Years),0.0011098520607911333,7,False
63,feature_past_5yr_average_donation,Average Donation Amount (Past 5 Years),0.0012410699633230665,5,False
63,feature_past_5yr_donation_frequency_rate,Donation Frequency Rate (Past 5 Years),0.0005661052918067718,8,False
63,feature_years_since_last_donation_past_5yr,Years Since Most Recent Donation,0.0011816971465337587,6,False
63,feature_past_5yr_max_donation,Maximum Annual Donation Amount (Past 5 Years),0.0012976406892250946,4,True
63,donor_age,Donor Age,0.0026959480789184582,1,True
63,feature_gender_identity,Gender Identity,0.0021767118618568676,2,True
63,feature_preferred_address_type,Preferred Address Type,0.0015808205241531045,3,True
64,feature_past_5yr_total_donation,Total Donation Amount (Past 5 Years),0.0011858064993978876,6,False
64,feature_past_5yr_average_donation,Average Donation Amount (Past 5 Years),0.00131292439011891,5,False
64,feature_past_5yr_donation_frequency_rate,Donation Frequency Rate (Past 5 Years),0.0005413750964540132,8,False
64,feature_years_since_last_donation_past_5yr,Years Since Most Recent Donation,0.0011716712257792584,7,False
64,feature_past_5yr_max_donation,Maximum Annual Donation Amount (Past 5 Years),0.00137975747486549,4,True
64,donor_age,Donor Age,0.002729490926319517,1,True
64,feature_gender_identity,Gender Identity,0.002082909701442864,2,True
64,feature_preferred_address_type,Preferred Address Type,0.001521902204091648,3,True
65,feature_past_5yr_total_donation,Total Donation Amount (Past 5 Years),0.0009977097994749295,7,False
65,feature_past_5yr_average_donation,Average Donation Amount (Past 5 Years),0.0011292921744239673,6,False
65,feature_past_5yr_donation_frequency_rate,Donation Frequency Rate (Past 5 Years),0.0005792913891639897,8,False
65,feature_years_since_last_donation_past_5yr,Years Since Most Recent Donation,0.0011978650517329554,5,False
65,feature_past_5yr_max_donation,Maximum Annual Donation Amount (Past 5 Years),0.001237030657125808,4,True
65,donor_age,Donor Age,0.0026938433310289304,1,True
65,feature_gender_identity,Gender Identity,0.0021301961032837518,2,True
65,feature_preferred_address_type,Preferred Address Type,0.001553222315981268,3,True
66,feature_past_5yr_total_donation,Total Donation Amount (Past 5 Years),0.0010780264725125464,7,False
66,feature_past_5yr_average_donation,Average Donation Amount (Past 5 Years),0.001212843085188239,5,False
66,feature_past_5yr_donation_frequency_rate,Donation Frequency Rate (Past 5 Years),0.0005395078267732895,8,False
66,feature_years_since_last_donation_past_5yr,Years Since Most Recent Donation,0.0011728830215126567,6,False
66,feature_past_5yr_max_donation,Maximum Annual Donation Amount (Past 5 Years),0.0013011872876772248,4,True
66,donor_age,Donor Age,0.0025962281622565284,1,True
66,feature_gender_identity,Gender Identity,0.002088227188286043,2,True
66,feature_preferred_address_type,Preferred Address Type,0.0015504924845698186,3,True
67,feature_past_5yr_total_donation,Total Donation Amount (Past 5 Years),0.001150779355938312,7,False
67,feature_past_5yr_average_donation,Average Donation Amount (Past 5 Years),0.0012998077878705009,5,False
67,feature_past_5yr_donation_frequency_rate,Donation Frequency Rate (Past 5 Years),0.0005492962663038934,8,False
67,feature_years_since_last_donation_past_5yr,Years Since Most Recent Donation,0.001184538947700895,6,False
67,feature_past_5yr_max_donation,Maximum Annual Donation Amount (Past 5 Years),0.0013435124801760804,4,True
67,donor_age,Donor Age,0.0025654779275836393,1,True
67,feature_gender_identity,Gender Identity,0.002057288538707454,2,True
67,feature_preferred_address_type,Preferred Address Type,0.001556075676846944,3,True
68,feature_past_5yr_total_donation,Total Donation Amount (Past 5 Years),0.0011022976920266791,7,False
68,feature_past_5yr_average_donation,Average Donation Amount (Past 5 Years),0.001225653638148008,5,False
68,feature_past_5yr_donation_frequency_rate,Donation Frequency Rate (Past 5 Years),0.0005387443050791617,8,False
68,feature_years_since_last_donation_past_5yr,Years Since Most Recent Donation,0.001139707388989915,6,False
68,feature_past_5yr_max_donation,Maximum Annual Donation Amount (Past 5 Years),0.0013323753885048232,4,True
68,donor_age,Donor Age,0.0027010394317067855,1,True
68,feature_gender_identity,Gender Identity,0.002108931742555619,2,True
68,feature_preferred_address_type,Preferred Address Type,0.0015491409710372353,3,True
69,feature_past_5yr_total_donation,Total Donation Amount (Past 5 Years),0.0010553003889371348,7,False
69,feature_past_5yr_average_donation,Average Donation Amount (Past 5 Years),0.0011778131441131463,5,False
69,feature_past_5yr_donation_frequency_rate,Donation Frequency Rate (Past 5 Years),0.0005398284863173947,8,False
69,feature_years_since_last_donation_past_5yr,Years Since Most Recent Donation,0.001171176579588352,6,False
69,feature_past_5yr_max_donation,Maximum Annual Donation Amount (Past 5 Years),0.0012915485716216968,4,True
69,donor_age,Donor Age,0.0026724915906587705,1,True
69,feature_gender_identity,Gender Identity,0.0021229484761368907,2,True
69,feature_preferred_address_type,Preferred Address Type,0.0015947288904857777,3,True
70,feature_past_5yr_total_donation,Total Donation Amount (Past 5 Years),0.0011794965731347432,7,False
70,feature_past_5yr_average_donation,Average Donation Amount (Past 5 Years),0.0012985152791152622,5,False
70,feature_past_5yr_donation_frequency_rate,Donation Frequency Rate (Past 5 Years),0.0005285178226769048,8,False
70,feature_years_since_last_donation_past_5yr,Years Since Most Recent Donation,0.001186596366316237,6,False
70,feature_past_5yr_max_donation,Maximum Annual Donation Amount (Past 5 Years),0.0014312162529489243,4,True
70,donor_age,Donor Age,0.0028130901530930338,1,True
70,feature_gender_identity,Gender Identity,0.0021177874583007024,2,True
70,feature_preferred_address_type,Preferred Address Type,0.0016201634338206137,3,True
71,feature_past_5yr_total_donation,Total Donation Amount (Past 5 Years),0.0011056463836417107,7,False
71,feature_past_5yr_average_donation,Average Donation Amount (Past 5 Years),0.0012347999851803867,5,False
71,feature_past_5yr_donation_frequency_rate,Donation Frequency Rate (Past 5 Years),0.0005396254276008966,8,False
71,feature_years_since_last_donation_past_5yr,Years Since Most Recent Donation,0.0011980604766373914,6,False
71,feature_past_5yr_max_donation,Maximum Annual Donation Amount (Past 5 Years),0.0013036184332452677,4,True
71,donor_age,Donor Age,0.0027654000819546773,1,True
71,feature_gender_identity,Gender Identity,0.0021293833460618,2,True
71,feature_preferred_address_type,Preferred Address Type,0.0015867336382745698,3,True
72,feature_past_5yr_total_donation,Total Donation Amount (Past 5 Years),0.0010245447023303992,7,False
72,feature_past_5yr_average_donation,Average Donation Amount (Past 5 Years),0.0011349109249100626,6,False
72,feature_past_5yr_donation_frequency_rate,Donation Frequency Rate (Past 5 Years),0.0005651202392284227,8,False
72,feature_years_since_last_donation_past_5yr,Years Since Most Recent Donation,0.0011678717285166145,5,False
72,feature_past_5yr_max_donation,Maximum Annual Donation Amount (Past 5 Years),0.00133096349679083,4,True
72,donor_age,Donor Age,0.002743339322725049,1,True
72,feature_gender_identity,Gender Identity,0.002115493279808447,2,True
72,feature_preferred_address_type,Preferred Address Type,0.0015628358413864937,3,True
73,feature_past_5yr_total_donation,Total Donation Amount (Past 5 Years),0.0010490363939486417,7,False
73,feature_past_5yr_average_donation,Average Donation Amount (Past 5 Years),0.0011768206602152896,6,False
73,feature_past_5yr_donation_frequency_rate,Donation Frequency Rate (Past 5 Years),0.0005462833101573966,8,False
73,feature_years_since_last_donation_past_5yr,Years Since Most Recent Donation,0.0012287221161133525,5,False
73,feature_past_5yr_max_donation,Maximum Annual Donation Amount (Past 5 Years),0.0012903872257880868,4,True
73,donor_age,Donor Age,0.0029079590052618963,1,True
73,feature_gender_identity,Gender Identity,0.0021409068925029823,2,True
73,feature_preferred_address_type,Preferred Address Type,0.0016011163738534828,3,True
74,feature_past_5yr_total_donation,Total Donation Amount (Past 5 Years),0.0010429144598350633,7,False
74,feature_past_5yr_average_donation,Average Donation Amount (Past 5 Years),0.0011825771790012,6,False
74,feature_past_5yr_donation_frequency_rate,Donation Frequency Rate (Past 5 Years),0.0005791279187488766,8,False
74,feature_years_since_last_donation_past_5yr,Years Since Most Recent Donation,0.0012217500107586962,5,False
74,feature_past_5yr_max_donation,Maximum Annual Donation Amount (Past 5 Years),0.0012723597936588067,4,True
74,donor_age,Donor Age,0.0026867782209190148,1,True
74,feature_gender_identity,Gender Identity,0.0021560014096525114,2,True
74,feature_preferred_address_type,Preferred Address Type,0.0015822757580098755,3,True
75,feature_past_5yr_total_donation,Total Donation Amount (Past 5 Years),0.0009960214474024173,7,False
75,feature_past_5yr_average_donation,Average Donation Amount (Past 5 Years),0.0011419238706500833,6,False
75,feature_past_5yr_donation_frequency_rate,Donation Frequency Rate (Past 5 Years),0.0005397655365012475,8,False
75,feature_years_since_last_donation_past_5yr,Years Since Most Recent Donation,0.00114573625033329,5,False
75,feature_past_5yr_max_donation,Maximum Annual Donation Amount (Past 5 Years),0.001224383565167292,4,True
75,donor_age,Donor Age,0.0026868603578753827,1,True
75,feature_gender_identity,Gender Identity,0.00213478640374395,2,True
75,feature_preferred_address_type,Preferred Address Type,0.0015303495646289676,3,True
76,feature_past_5yr_total_donation,Total Donation Amount (Past 5 Years),0.001082615639291458,7,False
76,feature_past_5yr_average_donation,Average Donation Amount (Past 5 Years),0.001241588380020393,5,False
76,feature_past_5yr_donation_frequency_rate,Donation Frequency Rate (Past 5 Years),0.0005546471913585127,8,False
76,feature_years_since_last_donation_past_5yr,Years Since Most Recent Donation,0.0011980162031692966,6,False
76,feature_past_5yr_max_donation,Maximum Annual Donation Amount (Past 5 Years),0.0013554916764879764,4,True
76,donor_age,Donor Age,0.0027263242932748255,1,True
76,feature_gender_identity,Gender Identity,0.002099081301688091,2,True
76,feature_preferred_address_type,Preferred Address Type,0.0015638337342662202,3,True
77,feature_past_5yr_total_donation,Total Donation Amount (Past 5 Years),0.0010039331108164541,7,False
77,feature_past_5yr_average_donation,Average Donation Amount (Past 5 Years),0.0011368400858322756,6,False
77,feature_past_5yr_donation_frequency_rate,Donation Frequency Rate (Past 5 Years),0.0005300176450023714,8,False
77,feature_years_since_last_donation_past_5yr,Years Since Most Recent Donation,0.0011393935208030017,5,False
77,feature_past_5yr_max_donation,Maximum Annual Donation Amount (Past 5 Years),0.0012756693246986047,4,True
77,donor_age,Donor Age,0.0025967154726871562,1,True
77,feature_gender_identity,Gender Identity,0.002123385458950727,2,True
77,feature_preferred_address_type,Preferred Address Type,0.0016021156215828567,3,True
78,feature_past_5yr_total_donation,Total Donation Amount (Past 5 Years),0.0009309800948019372,7,False
78,feature_past_5yr_average_donation,Average Donation Amount (Past 5 Years),0.0010654235080462067,6,False
78,feature_past_5yr_donation_frequency_rate,Donation Frequency Rate (Past 5 Years),0.0005288103305912431,8,False
78,feature_years_since_last_donation_past_5yr,Years Since Most Recent Donation,0.0011567818298343312,5,False
78,feature_past_5yr_max_donation,Maximum Annual Donation Amount (Past 5 Years),0.0012257929971148753,4,True
78,donor_age,Donor Age,0.002685306027900762,1,True
78,feature_gender_identity,Gender Identity,0.002082397293721628,2,True
78,feature_preferred_address_type,Preferred Address Type,0.0015862667174749551,3,True
79,feature_past_5yr_total_donation,Total Donation Amount (Past 5 Years),0.0010610118828106117,7,False
79,feature_past_5yr_average_donation,Average Donation Amount (Past 5 Years),0.001194546820700582,6,False
79,feature_past_5yr_donation_frequency_rate,Donation Frequency Rate (Past 5 Years),0.0005640544792005491,8,False
79,feature_years_since_last_donation_past_5yr,Years Since Most Recent Donation,0.001254011617586071,5,False
79,feature_past_5yr_max_donation,Maximum Annual Donation Amount (Past 5 Years),0.0013231927368983257,4,True
79,donor_age,Donor Age,0.002679540698987714,1,True
79,feature_gender_identity,Gender Identity,0.002103247809726447,2,True
79,feature_preferred_address_type,Preferred Address Type,0.00160693268607555,3,True
80,feature_past_5yr_total_donation,Total Donation Amount (Past 5 Years),0.0010005731649847867,7,False
80,feature_past_5yr_average_donation,Average Donation Amount (Past 5 Years),0.0011388063785751352,6,False
80,feature_past_5yr_donation_frequency_rate,Donation Frequency Rate (Past 5 Years),0.0005439059418055871,8,False
80,feature_years_since_last_donation_past_5yr,Years Since Most Recent Donation,0.001144946212816771,5,False
80,feature_past_5yr_max_donation,Maximum Annual Donation Amount (Past 5 Years),0.0012488721483874905,4,True
80,donor_age,Donor Age,0.002630199545669899,1,True
80,feature_gender_identity,Gender Identity,0.0021340504716960405,2,True
80,feature_preferred_address_type,Preferred Address Type,0.0015963432971345603,3,True
81,feature_past_5yr_total_donation,Total Donation Amount (Past 5 Years),0.0010838007401233708,7,False
81,feature_past_5yr_average_donation,Average Donation Amount (Past 5 Years),0.0012101109427339663,5,False
81,feature_past_5yr_donation_frequency_rate,Donation Frequency Rate (Past 5 Years),0.0005438289557575581,8,False
81,feature_years_since_last_donation_past_5yr,Years Since Most Recent Donation,0.001109761004176203,6,False
81,feature_past_5yr_max_donation,Maximum Annual Donation Amount (Past 5 Years),0.0013442649944477426,4,True
81,donor_age,Donor Age,0.0027947855739204035,1,True
81,feature_gender_identity,Gender Identity,0.002084626427211828,2,True
81,feature_preferred_address_type,Preferred Address Type,0.0015834070591483073,3,True
82,feature_past_5yr_total_donation,Total Donation Amount (Past 5 Years),0.0011836841297931924,6,False
82,feature_past_5yr_average_donation,Average Donation Amount (Past 5 Years),0.001336216143588788,5,False
82,feature_past_5yr_donation_frequency_rate,Donation Frequency Rate (Past 5 Years),0.0005682010783746854,8,False
82,feature_years_since_last_donation_past_5yr,Years Since Most Recent Donation,0.0011823196413788602,7,False
82,feature_past_5yr_max_donation,Maximum Annual Donation Amount (Past 5 Years),0.0013948859427085735,4,True
82,donor_age,Donor Age,0.002713795560358888,1,True
82,feature_gender_identity,Gender Identity,0.002069859701375841,2,True
82,feature_preferred_address_type,Preferred Address Type,0.0016064276011080445,3,True
83,feature_past_5yr_total_donation,Total Donation Amount (Past 5 Years),0.0010682647218727113,7,False
83,feature_past_5yr_average_donation,Average Donation Amount (Past 5 Years),0.0012021769091689449,5,False
83,feature_past_5yr_donation_frequency_rate,Donation Frequency Rate (Past 5 Years),0.0005473450919751349,8,False
83,feature_years_since_last_donation_past_5yr,Years Since Most Recent Donation,0.0011811997199606828,6,False
83,feature_past_5yr_max_donation,Maximum Annual Donation Amount (Past 5 Years),0.0012815025771438732,4,True
83,donor_age,Donor Age,0.0027543484469181125,1,True
83,feature_gender_identity,Gender Identity,0.002110580813107686,2,True
83,feature_preferred_address_type,Preferred Address Type,0.0016051080235756465,3,True
84,feature_past_5yr_total_donation,Total Donation Amount (Past 5 Years),0.0010958865322370738,7,False
84,feature_past_5yr_average_donation,Average Donation Amount (Past 5 Years),0.0012315234087072456,5,False
84,feature_past_5yr_donation_frequency_rate,Donation Frequency Rate (Past 5 Years),0.00052741097321459,8,False
84,feature_years_since_last_donation_past_5yr,Years Since Most Recent Donation,0.0011772987645802722,6,False
84,feature_past_5yr_max_donation,Maximum Annual Donation Amount (Past 5 Years),0.001312887172609552,4,True
84,donor_age,Donor Age,0.002757641983191961,1,True
84,feature_gender_identity,Gender Identity,0.0020829305448548155,2,True
84,feature_preferred_address_type,Preferred Address Type,0.0015760686584283573,3,True
85,feature_past_5yr_total_donation,Total Donation Amount (Past 5 Years),0.0011342858686995087,7,False
85,feature_past_5yr_average_donation,Average Donation Amount (Past 5 Years),0.0012800031147461029,5,False
85,feature_past_5yr_donation_frequency_rate,Donation Frequency Rate (Past 5 Years),0.0005601203920763769,8,False
85,feature_years_since_last_donation_past_5yr,Years Since Most Recent Donation,0.001201246764394941,6,False
85,feature_past_5yr_max_donation,Maximum Annual Donation Amount (Past 5 Years),0.0013096165297826702,4,True
85,donor_age,Donor Age,0.002630475976498123,1,True
85,feature_gender_identity,Gender Identity,0.0020822640724653366,2,True
85,feature_preferred_address_type,Preferred Address Type,0.0015752729086115525,3,True
86,feature_past_5yr_total_donation,Total Donation Amount (Past 5 Years),0.0011541369300602394,7,False
86,feature_past_5yr_average_donation,Average Donation Amount (Past 5 Years),0.0012776595421387276,5,False
86,feature_past_5yr_donation_frequency_rate,Donation Frequency Rate (Past 5 Years),0.0005763377552088508,8,False
86,feature_years_since_last_donation_past_5yr,Years Since Most Recent Donation,0.0012152007376852751,6,False
86,feature_past_5yr_max_donation,Maximum Annual Donation Amount (Past 5 Years),0.0013689049767771932,4,True
86,donor_age,Donor Age,0.002685915712916242,1,True
86,feature_gender_identity,Gender Identity,0.0021250489382994803,2,True
86,feature_preferred_address_type,Preferred Address Type,0.0015956637533583525,3,True
87,feature_past_5yr_total_donation,Total Donation Amount (Past 5 Years),0.0010990299836600027,7,False
87,feature_past_5yr_average_donation,Average Donation Amount (Past 5 Years),0.0012225501131179239,5,False
87,feature_past_5yr_donation_frequency_rate,Donation Frequency Rate (Past 5 Years),0.0005437923596259024,8,False
87,feature_years_since_last_donation_past_5yr,Years Since Most Recent Donation,0.0011977901225825244,6,False
87,feature_past_5yr_max_donation,Maximum Annual Donation Amount (Past 5 Years),0.0013517814732550268,4,True
87,donor_age,Donor Age,0.002690112518695227,1,True
87,feature_gender_identity,Gender Identity,0.002097326237288034,2,True
87,feature_preferred_address_type,Preferred Address Type,0.0015989622735861461,3,True
88,feature_past_5yr_total_donation,Total Donation Amount (Past 5 Years),0.0011596486462857629,7,False
88,feature_past_5yr_average_donation,Average Donation Amount (Past 5 Years),0.0012835826050403044,5,False
88,feature_past_5yr_donation_frequency_rate,Donation Frequency Rate (Past 5 Years),0.0005507924788721565,8,False
88,feature_years_since_last_donation_past_5yr,Years Since Most Recent Donation,0.0011963169340833042,6,False
88,feature_past_5yr_max_donation,Maximum Annual Donation Amount (Past 5 Years),0.001325855098826538,4,True
88,donor_age,Donor Age,0.0027649235723259972,1,True
88,feature_gender_identity,Gender Identity,0.002097956661695454,2,True
88,feature_preferred_address_type,Preferred Address Type,0.0016118914346342707,3,True
89,feature_past_5yr_total_donation,Total Donation Amount (Past 5 Years),0.0010949896980197373,7,False
89,feature_past_5yr_average_donation,Average Donation Amount (Past 5 Years),0.0012202096350706392,5,False
89,feature_past_5yr_donation_frequency_rate,Donation Frequency Rate (Past 5 Years),0.0005338487669794471,8,False
89,feature_years_since_last_donation_past_5yr,Years Since Most Recent Donation,0.0011694253988978093,6,False
89,feature_past_5yr_max_donation,Maximum Annual Donation Amount (Past 5 Years),0.0012759718037750943,4,True
89,donor_age,Donor Age,0.0027879685469191814,1,True
89,feature_gender_identity,Gender Identity,0.002158721300096791,2,True
89,feature_preferred_address_type,Preferred Address Type,0.0016330566599148347,3,True
90,feature_past_5yr_total_donation,Total Donation Amount (Past 5 Years),0.0010713398038799127,7,False
90,feature_past_5yr_average_donation,Average Donation Amount (Past 5 Years),0.0012022411201938153,5,False
90,feature_past_5yr_donation_frequency_rate,Donation Frequency Rate (Past 5 Years),0.000552267900253156,8,False
90,feature_years_since_last_donation_past_5yr,Years Since Most Recent Donation,0.0012013825880739211,6,False
90,feature_past_5yr_max_donation,Maximum Annual Donation Amount (Past 5 Years),0.0013396481785683105,4,True
90,donor_age,Donor Age,0.002700438927298694,1,True
90,feature_gender_identity,Gender Identity,0.002160456814396359,2,True
90,feature_preferred_address_type,Preferred Address Type,0.0016012399632667844,3,True
91,feature_past_5yr_total_donation,Total Donation Amount (Past 5 Years),0.0010488404412644374,7,False
91,feature_past_5yr_average_donation,Average Donation Amount (Past 5 Years),0.0011752589062149644,6,False
91,feature_past_5yr_donation_frequency_rate,Donation Frequency Rate (Past 5 Years),0.0005626941468377999,8,False
91,feature_years_since_last_donation_past_5yr,Years Since Most Recent Donation,0.0012312675400392953,5,False
91,feature_past_5yr_max_donation,Maximum Annual Donation Amount (Past 5 Years),0.0012753210932041589,4,True
91,donor_age,Donor Age,0.002865610276084273,1,True
91,feature_gender_identity,Gender Identity,0.0021084008969459145,2,True
91,feature_preferred_address_type,Preferred Address Type,0.0016106383719206253,3,True
92,feature_past_5yr_total_donation,Total Donation Amount (Past 5 Years),0.000932326357092639,7,False
92,feature_past_5yr_average_donation,Average Donation Amount (Past 5 Years),0.0010720833987276097,6,False
92,feature_past_5yr_donation_frequency_rate,Donation Frequency Rate (Past 5 Years),0.0005437731124574641,8,False
92,feature_years_since_last_donation_past_5yr,Years Since Most Recent Donation,0.001137871435018773,5,False
92,feature_past_5yr_max_donation,Maximum Annual Donation Amount (Past 5 Years),0.001178204987036233,4,True
92,donor_age,Donor Age,0.002845803682965097,1,True
92,feature_gender_identity,Gender Identity,0.0021400391011722514,2,True
92,feature_preferred_address_type,Preferred Address Type,0.0016311716521578029,3,True
93,feature_past_5yr_total_donation,Total Donation Amount (Past 5 Years),0.001110663007420164,7,False
93,feature_past_5yr_average_donation,Average Donation Amount (Past 5 Years),0.0012249619415997599,6,False
93,feature_past_5yr_donation_frequency_rate,Donation Frequency Rate (Past 5 Years),0.0005724804378059836,8,False
93,feature_years_since_last_donation_past_5yr,Years Since Most Recent Donation,0.001258366813703941,5,False
93,feature_past_5yr_max_donation,Maximum Annual Donation Amount (Past 5 Years),0.0013177217955787244,4,True
93,donor_age,Donor Age,0.002552718233456003,1,True
93,feature_gender_identity,Gender Identity,0.0020971238085388745,2,True
93,feature_preferred_address_type,Preferred Address Type,0.0015509193065668435,3,True
94,feature_past_5yr_total_donation,Total Donation Amount (Past 5 Years),0.0011769376348791274,7,False
94,feature_past_5yr_average_donation,Average Donation Amount (Past 5 Years),0.001305014770349791,5,False
94,feature_past_5yr_donation_frequency_rate,Donation Frequency Rate (Past 5 Years),0.0005347412162728173,8,False
94,feature_years_since_last_donation_past_5yr,Years Since Most Recent Donation,0.0011958128422442807,6,False
94,feature_past_5yr_max_donation,Maximum Annual Donation Amount (Past 5 Years),0.0013912028093916579,4,True
94,donor_age,Donor Age,0.002586008686423179,1,True
94,feature_gender_identity,Gender Identity,0.0021439148132418495,2,True
94,feature_preferred_address_type,Preferred Address Type,0.0016192870820655003,3,True
95,feature_past_5yr_total_donation,Total Donation Amount (Past 5 Years),0.0009839993795780027,7,False
95,feature_past_5yr_average_donation,Average Donation Amount (Past 5 Years),0.0011204985825488338,6,False
95,feature_past_5yr_donation_frequency_rate,Donation Frequency Rate (Past 5 Years),0.0005532834214278218,8,False
95,feature_years_since_last_donation_past_5yr,Years Since Most Recent Donation,0.0011950997105200523,5,False
95,feature_past_5yr_max_donation,Maximum Annual Donation Amount (Past 5 Years),0.0012302868072445851,4,True
95,donor_age,Donor Age,0.0026787158336304237,1,True
95,feature_gender_identity,Gender Identity,0.0021150945762313843,2,True
95,feature_preferred_address_type,Preferred Address Type,0.001586950124505402,3,True
96,feature_past_5yr_total_donation,Total Donation Amount (Past 5 Years),0.0010694527222089624,7,False
96,feature_past_5yr_average_donation,Average Donation Amount (Past 5 Years),0.001184249889644568,6,False
96,feature_past_5yr_donation_frequency_rate,Donation Frequency Rate (Past 5 Years),0.0005650156018503442,8,False
96,feature_years_since_last_donation_past_5yr,Years Since Most Recent Donation,0.001227226293900286,5,False
96,feature_past_5yr_max_donation,Maximum Annual Donation Amount (Past 5 Years),0.0012986062893025757,4,True
96,donor_age,Donor Age,0.002703189619676384,1,True
96,feature_gender_identity,Gender Identity,0.002151244561741082,2,True
96,feature_preferred_address_type,Preferred Address Type,0.0016217440978204402,3,True
97,feature_past_5yr_total_donation,Total Donation Amount (Past 5 Years),0.0011134656663011077,7,False
97,feature_past_5yr_average_donation,Average Donation Amount (Past 5 Years),0.0012395815975958875,5,False
97,feature_past_5yr_donation_frequency_rate,Donation Frequency Rate (Past 5 Years),0.0005430388569379524,8,False
97,feature_years_since_last_donation_past_5yr,Years Since Most Recent Donation,0.0011761837160656605,6,False
97,feature_past_5yr_max_donation,Maximum Annual Donation Amount (Past 5 Years),0.001365166845056538,4,True
97,donor_age,Donor Age,0.002758726866292236,1,True
97,feature_gender_identity,Gender Identity,0.0020602324886943137,2,True
97,feature_preferred_address_type,Preferred Address Type,0.0015775183218411594,3,True
98,feature_past_5yr_total_donation,Total Donation Amount (Past 5 Years),0.0012397110310033382,6,False
98,feature_past_5yr_average_donation,Average Donation Amount (Past 5 Years),0.001360704006759983,5,False
98,feature_past_5yr_donation_frequency_rate,Donation Frequency Rate (Past 5 Years),0.0005570429999866339,8,False
98,feature_years_since_last_donation_past_5yr,Years Since Most Recent Donation,0.0012064724750524836,7,False
98,feature_past_5yr_max_donation,Maximum Annual Donation Amount (Past 5 Years),0.001402716840448949,4,True
98,donor_age,Donor Age,0.0026877748110363175,1,True
98,feature_gender_identity,Gender Identity,0.002118366127950132,2,True
98,feature_preferred_address_type,Preferred Address Type,0.0015899306949945973,3,True
99,feature_past_5yr_total_donation,Total Donation Amount (Past 5 Years),0.0010112331486933246,7,False
99,feature_past_5yr_average_donation,Average Donation Amount (Past 5 Years),0.0011298608838731154,6,False
99,feature_past_5yr_donation_frequency_rate,Donation Frequency Rate (Past 5 Years),0.0005362115819136596,8,False
99,feature_years_since_last_donation_past_5yr,Years Since Most Recent Donation,0.0012219967201989633,5,False
99,feature_past_5yr_max_donation,Maximum Annual Donation Amount (Past 5 Years),0.0012391781747970675,4,True
99,donor_age,Donor Age,0.002614290515368138,1,True
99,feature_gender_identity,Gender Identity,0.0021244409967770693,2,True
99,feature_preferred_address_type,Preferred Address Type,0.001582209858561842,3,True
100,feature_past_5yr_total_donation,Total Donation Amount (Past 5 Years),0.0012455613647578618,6,False
100,feature_past_5yr_average_donation,Average Donation Amount (Past 5 Years),0.0013556615155586658,5,False
100,feature_past_5yr_donation_frequency_rate,Donation Frequency Rate (Past 5 Years),0.0005513997503808028,8,False
100,feature_years_since_last_donation_past_5yr,Years Since Most Recent Donation,0.0012204008215752511,7,False
100,feature_past_5yr_max_donation,Maximum Annual Donation Amount (Past 5 Years),0.0014633246578614194,4,True
100,donor_age,Donor Age,0.002743947704162741,1,True
100,feature_gender_identity,Gender Identity,0.0021262751982289475,2,True
100,feature_preferred_address_type,Preferred Address Type,0.001620012258808429,3,True
101,feature_past_5yr_total_donation,Total Donation Amount (Past 5 Years),0.001002171696256602,7,False
101,feature_past_5yr_average_donation,Average Donation Amount (Past 5 Years),0.0011398243036760166,6,False
101,feature_past_5yr_donation_frequency_rate,Donation Frequency Rate (Past 5 Years),0.0005443114086618002,8,False
101,feature_years_since_last_donation_past_5yr,Years Since Most Recent Donation,0.0011832795360084095,5,False
101,feature_past_5yr_max_donation,Maximum Annual Donation Amount (Past 5 Years),0.0012725000335223717,4,True
101,donor_age,Donor Age,0.0027044907056778976,1,True
101,feature_gender_identity,Gender Identity,0.0021609306130423974,2,True
101,feature_preferred_address_type,Preferred Address Type,0.0016390285014794925,3,True
102,feature_past_5yr_total_donation,Total Donation Amount (Past 5 Years),0.00099262164945089,7,False
102,feature_past_5yr_average_donation,Average Donation Amount (Past 5 Years),0.0011230690214289309,6,False
102,feature_past_5yr_donation_frequency_rate,Donation Frequency Rate (Past 5 Years),0.0005347206392646534,8,False
102,feature_years_since_last_donation_past_5yr,Years Since Most Recent Donation,0.0011846798363862917,5,False
102,feature_past_5yr_max_donation,Maximum Annual Donation Amount (Past 5 Years),0.0012346728721624634,4,True
102,donor_age,Donor Age,0.0027241739476162414,1,True
102,feature_gender_identity,Gender Identity,0.002114640935376754,2,True
102,feature_preferred_address_type,Preferred Address Type,0.0015730767629191706,3,True
103,feature_past_5yr_total_donation,Total Donation Amount (Past 5 Years),0.001126152183150942,7,False
103,feature_past_5yr_average_donation,Average Donation Amount (Past 5 Years),0.0012633489352251322,5,False
103,feature_past_5yr_donation_frequency_rate,Donation Frequency Rate (Past 5 Years),0.0005591611393132312,8,False
103,feature_years_since_last_donation_past_5yr,Years Since Most Recent Donation,0.0011931201548034676,6,False
103,feature_past_5yr_max_donation,Maximum Annual Donation Amount (Past 5 Years),0.0013476375054196838,4,True
103,donor_age,Donor Age,0.0027356610017771877,1,True
103,feature_gender_identity,Gender Identity,0.0021498652278843997,2,True
103,feature_preferred_address_type,Preferred Address Type,0.0016193524290918251,3,True
104,feature_past_5yr_total_donation,Total Donation Amount (Past 5 Years),0.0011013537997338445,7,False
104,feature_past_5yr_average_donation,Average Donation Amount (Past 5 Years),0.0012393910504135339,6,False
104,feature_past_5yr_donation_frequency_rate,Donation Frequency Rate (Past 5 Years),0.0005765283795627524,8,False
104,feature_years_since_last_donation_past_5yr,Years Since Most Recent Donation,0.0012394465805790301,5,False
104,feature_past_5yr_max_donation,Maximum Annual Donation Amount (Past 5 Years),0.0013126961903448587,4,True
104,donor_age,Donor Age,0.002785395822269181,1,True
104,feature_gender_identity,Gender Identity,0.002136668919843466,2,True
104,feature_preferred_address_type,Preferred Address Type,0.0016524830583775241,3,True
105,feature_past_5yr_total_donation,Total Donation Amount (Past 5 Years),0.00108010222313108,7,False
105,feature_past_5yr_average_donation,Average Donation Amount (Past 5 Years),0.0011997598671760143,5,False
105,feature_past_5yr_donation_frequency_rate,Donation Frequency Rate (Past 5 Years),0.0005434062175257956,8,False
105,feature_years_since_last_donation_past_5yr,Years Since Most Recent Donation,0.001174408433470561,6,False
105,feature_past_5yr_max_donation,Maximum Annual Donation Amount (Past 5 Years),0.0013313528956599362,4,True
105,donor_age,Donor Age,0.002874676341672041,1,True
105,feature_gender_identity,Gender Identity,0.0021260732924428477,2,True
105,feature_preferred_address_type,Preferred Address Type,0.001600253160224734,3,True
106,feature_past_5yr_total_donation,Total Donation Amount (Past 5 Years),0.0010821597750094508,7,False
106,feature_past_5yr_average_donation,Average Donation Amount (Past 5 Years),0.001201331085289522,5,False
106,feature_past_5yr_donation_frequency_rate,Donation Frequency Rate (Past 5 Years),0.0005573244487015572,8,False
106,feature_years_since_last_donation_past_5yr,Years Since Most Recent Donation,0.001148589255239939,6,False
106,feature_past_5yr_max_donation,Maximum Annual Donation Amount (Past 5 Years),0.0013167956962186792,4,True
106,donor_age,Donor Age,0.0025802490729292167,1,True
106,feature_gender_identity,Gender Identity,0.002109751262113068,2,True
106,feature_preferred_address_type,Preferred Address Type,0.0015759531813912273,3,True
107,feature_past_5yr_total_donation,Total Donation Amount (Past 5 Years),0.0010933159229873292,7,False
107,feature_past_5yr_average_donation,Average Donation Amount (Past 5 Years),0.001231127549014071,5,False
107,feature_past_5yr_donation_frequency_rate,Donation Frequency Rate (Past 5 Years),0.0005749482168724915,8,False
107,feature_years_since_last_donation_past_5yr,Years Since Most Recent Donation,0.0011673918094603027,6,False
107,feature_past_5yr_max_donation,Maximum Annual Donation Amount (Past 5 Years),0.0013420296328487972,4,True
107,donor_age,Donor Age,0.002526490782108407,1,True
107,feature_gender_identity,Gender Identity,0.0021120491042550733,2,True
107,feature_preferred_address_type,Preferred Address Type,0.0016301888541329975,3,True
108,feature_past_5yr_total_donation,Total Donation Amount (Past 5 Years),0.001188413146561424,7,False
108,feature_past_5yr_average_donation,Average Donation Amount (Past 5 Years),0.0013126010172358382,5,False
108,feature_past_5yr_donation_frequency_rate,Donation Frequency Rate (Past 5 Years),0.0005474376120561127,8,False
108,feature_years_since_last_donation_past_5yr,Years Since Most Recent Donation,0.0012219510859267303,6,False
108,feature_past_5yr_max_donation,Maximum Annual Donation Amount (Past 5 Years),0.0014243415358863379,4,True
108,donor_age,Donor Age,0.002728547593578256,1,True
108,feature_gender_identity,Gender Identity,0.0021119122197277747,2,True
108,feature_preferred_address_type,Preferred Address Type,0.0016113811074132773,3,True
109,feature_past_5yr_total_donation,Total Donation Amount (Past 5 Years),0.0010372477046169855,7,False
109,feature_past_5yr_average_donation,Average Donation Amount (Past 5 Years),0.0011663865669484465,6,False
109,feature_past_5yr_donation_frequency_rate,Donation Frequency Rate (Past 5 Years),0.0005588032525341554,8,False
109,feature_years_since_last_donation_past_5yr,Years Since Most Recent Donation,0.0012130491302709753,5,False
109,feature_past_5yr_max_donation,Maximum Annual Donation Amount (Past 5 Years),0.0012376505439060915,4,True
109,donor_age,Donor Age,0.0027936947077766413,1,True
109,feature_gender_identity,Gender Identity,0.0021445811663902406,2,True
109,feature_preferred_address_type,Preferred Address Type,0.0015669914871615698,3,True
110,feature_past_5yr_total_donation,Total Donation Amount (Past 5 Years),0.0010331851722381687,7,False
110,feature_past_5yr_average_donation,Average Donation Amount (Past 5 Years),0.0011915869118984265,5,False
110,feature_past_5yr_donation_frequency_rate,Donation Frequency Rate (Past 5 Years),0.0005473747204148114,8,False
110,feature_years_since_last_donation_past_5yr,Years Since Most Recent Donation,0.001174411155069854,6,False
110,feature_past_5yr_max_donation,Maximum Annual Donation Amount (Past 5 Years),0.0012372885569611773,4,True
110,donor_age,Donor Age,0.0027857217304422953,1,True
110,feature_gender_identity,Gender Identity,0.002149047643304708,2,True
110,feature_preferred_address_type,Preferred Address Type,0.0015314168532647877,3,True
111,feature_past_5yr_total_donation,Total Donation Amount (Past 5 Years),0.0011597339438232232,7,False
111,feature_past_5yr_average_donation,Average Donation Amount (Past 5 Years),0.0012832230266970387,5,False
111,feature_past_5yr_donation_frequency_rate,Donation Frequency Rate (Past 5 Years),0.0005400121607307207,8,False
111,feature_years_since_last_donation_past_5yr,Years Since Most Recent Donation,0.0011977983330002866,6,False
111,feature_past_5yr_max_donation,Maximum Annual Donation Amount (Past 5 Years),0.0013970752793494431,4,True
111,donor_age,Donor Age,0.0028845899736922483,1,True
111,feature_gender_identity,Gender Identity,0.002100698425846006,2,True
111,feature_preferred_address_type,Preferred Address Type,0.0016147228076446917,3,True
112,feature_past_5yr_total_donation,Total Donation Amount (Past 5 Years),0.0011511830721300654,7,False
112,feature_past_5yr_average_donation,Average Donation Amount (Past 5 Years),0.0012783011542285797,5,False
112,feature_past_5yr_donation_frequency_rate,Donation Frequency Rate (Past 5 Years),0.0005473394697859906,8,False
112,feature_years_since_last_donation_past_5yr,Years Since Most Recent Donation,0.0011729588151391265,6,False
112,feature_past_5yr_max_donation,Maximum Annual Donation Amount (Past 5 Years),0.0013149353261002511,4,True
112,donor_age,Donor Age,0.002796168064132668,1,True
112,feature_gender_identity,Gender Identity,0.0020925570823226002,2,True
112,feature_preferred_address_type,Preferred Address Type,0.0016049314045821156,3,True
113,feature_past_5yr_total_donation,Total Donation Amount (Past 5 Years),0.000976735486538833,7,False
113,feature_past_5yr_average_donation,Average Donation Amount (Past 5 Years),0.0010942205965769815,6,False
113,feature_past_5yr_donation_frequency_rate,Donation Frequency Rate (Past 5 Years),0.0005381983637785695,8,False
113,feature_years_since_last_donation_past_5yr,Years Since Most Recent Donation,0.0011751163163505553,5,False
113,feature_past_5yr_max_donation,Maximum Annual Donation Amount (Past 5 Years),0.0012573981708608004,4,True
113,donor_age,Donor Age,0.002741843364665824,1,True
113,feature_gender_identity,Gender Identity,0.0021083849048751198,2,True
113,feature_preferred_address_type,Preferred Address Type,0.0016292746917570134,3,True
114,feature_past_5yr_total_donation,Total Donation Amount (Past 5 Years),0.0010018672081303875,7,False
114,feature_past_5yr_average_donation,Average Donation Amount (Past 5 Years),0.0011343128130136067,6,False
114,feature_past_5yr_donation_frequency_rate,Donation Frequency Rate (Past 5 Years),0.0005679081462232107,8,False
114,feature_years_since_last_donation_past_5yr,Years Since Most Recent Donation,0.001203167999376832,5,False
114,feature_past_5yr_max_donation,Maximum Annual Donation Amount (Past 5 Years),0.0013026884189163879,4,True
114,donor_age,Donor Age,0.002761267226213942,1,True
114,feature_gender_identity,Gender Identity,0.0021315390727769273,2,True
114,feature_preferred_address_type,Preferred Address Type,0.0015729774152684981,3,True
115,feature_past_5yr_total_donation,Total Donation Amount (Past 5 Years),0.0011969870654457003,6,False
115,feature_past_5yr_average_donation,Average Donation Amount (Past 5 Years),0.0013251648529160197,5,False
115,feature_past_5yr_donation_frequency_rate,Donation Frequency Rate (Past 5 Years),0.000564535322304227,8,False
115,feature_years_since_last_donation_past_5yr,Years Since Most Recent Donation,0.0011630051829667678,7,False
115,feature_past_5yr_max_donation,Maximum Annual Donation Amount (Past 5 Years),0.0013782411598338212,4,True
115,donor_age,Donor Age,0.0028240699219229458,1,True
115,feature_gender_identity,Gender Identity,0.002133676969699965,2,True
115,feature_preferred_address_type,Preferred Address Type,0.0016005112965048085,3,True
116,feature_past_5yr_total_donation,Total Donation Amount (Past 5 Years),0.0011217546243677081,7,False
116,feature_past_5yr_average_donation,Average Donation Amount (Past 5 Years),0.0012481933511530694,5,False
116,feature_past_5yr_donation_frequency_rate,Donation Frequency Rate (Past 5 Years),0.0005289926026116173,8,False
116,feature_years_since_last_donation_past_5yr,Years Since Most Recent Donation,0.001163732464120337,6,False
116,feature_past_5yr_max_donation,Maximum Annual Donation Amount (Past 5 Years),0.0013278764821053695,4,True
116,donor_age,Donor Age,0.0026904942280827912,1,True
116,feature_gender_identity,Gender Identity,0.002096144458090759,2,True
116,feature_preferred_address_type,Preferred Address Type,0.0016154540345630324,3,True
117,feature_past_5yr_total_donation,Total Donation Amount (Past 5 Years),0.001216646576054813,6,False
117,feature_past_5yr_average_donation,Average Donation Amount (Past 5 Years),0.0013503526709669968,5,False
117,feature_past_5yr_donation_frequency_rate,Donation Frequency Rate (Past 5 Years),0.0005539973671515514,8,False
117,feature_years_since_last_donation_past_5yr,Years Since Most Recent Donation,0.0011861284944145248,7,False
117,feature_past_5yr_max_donation,Maximum Annual Donation Amount (Past 5 Years),0.0014454678805200438,4,True
117,donor_age,Donor Age,0.002618895054759323,1,True
117,feature_gender_identity,Gender Identity,0.002128564732467229,2,True
117,feature_preferred_address_type,Preferred Address Type,0.0016134055062479527,3,True
118,feature_past_5yr_total_donation,Total Donation Amount (Past 5 Years),0.0010552511760264008,7,False
118,feature_past_5yr_average_donation,Average Donation Amount (Past 5 Years),0.0012053934912881759,5,False
118,feature_past_5yr_donation_frequency_rate,Donation Frequency Rate (Past 5 Years),0.0005521655142457256,8,False
118,feature_years_since_last_donation_past_5yr,Years Since Most Recent Donation,0.0011992193827557547,6,False
118,feature_past_5yr_max_donation,Maximum Annual Donation Amount (Past 5 Years),0.0013117274866916205,4,True
118,donor_age,Donor Age,0.002703740955186751,1,True
118,feature_gender_identity,Gender Identity,0.002117159267502016,2,True
118,feature_preferred_address_type,Preferred Address Type,0.00159011533755722,3,True
119,feature_past_5yr_total_donation,Total Donation Amount (Past 5 Years),0.0010688777544175273,7,False
119,feature_past_5yr_average_donation,Average Donation Amount (Past 5 Years),0.001204202098975965,6,False
119,feature_past_5yr_donation_frequency_rate,Donation Frequency Rate (Past 5 Years),0.0005427054681273069,8,False
119,feature_years_since_last_donation_past_5yr,Years Since Most Recent Donation,0.0012172584998928063,5,False
119,feature_past_5yr_max_donation,Maximum Annual Donation Amount (Past 5 Years),0.0013320556855327354,4,True
119,donor_age,Donor Age,0.002671937480978556,1,True
119,feature_gender_identity,Gender Identity,0.002082212075509401,2,True
119,feature_preferred_address_type,Preferred Address Type,0.0015708889478893715,3,True
120,feature_past_5yr_total_donation,Total Donation Amount (Past 5 Years),0.0011300547885807852,7,False
120,feature_past_5yr_average_donation,Average Donation Amount (Past 5 Years),0.001260402438838904,5,False
120,feature_past_5yr_donation_frequency_rate,Donation Frequency Rate (Past 5 Years),0.0005606865866847173,8,False
120,feature_years_since_last_donation_past_5yr,Years Since Most Recent Donation,0.0011901776889003783,6,False
120,feature_past_5yr_max_donation,Maximum Annual Donation Amount (Past 5 Years),0.001379524831264176,4,True
120,donor_age,Donor Age,0.0027791517869170407,1,True
120,feature_gender_identity,Gender Identity,0.00217422832361883,2,True
120,feature_preferred_address_type,Preferred Address Type,0.0016170021449468856,3,True
121,feature_past_5yr_total_donation,Total Donation Amount (Past 5 Years),0.0009816554454774743,7,False
121,feature_past_5yr_average_donation,Average Donation Amount (Past 5 Years),0.0011112360369387696,6,False
121,feature_past_5yr_donation_frequency_rate,Donation Frequency Rate (Past 5 Years),0.0005503729926669696,8,False
121,feature_years_since_last_donation_past_5yr,Years Since Most Recent Donation,0.0011716550192262267,5,False
121,feature_past_5yr_max_donation,Maximum Annual Donation Amount (Past 5 Years),0.0012131483486495897,4,True
121,donor_age,Donor Age,0.002802825397376358,1,True
121,feature_gender_identity,Gender Identity,0.002099228170878244,2,True
121,feature_preferred_address_type,Preferred Address Type,0.0015906469203039086,3,True
122,feature_past_5yr_total_donation,Total Donation Amount (Past 5 Years),0.0011183437439742697,7,False
122,feature_past_5yr_average_donation,Average Donation Amount (Past 5 Years),0.0012549874747969135,5,False
122,feature_past_5yr_donation_frequency_rate,Donation Frequency Rate (Past 5 Years),0.0005676121109018039,8,False
122,feature_years_since_last_donation_past_5yr,Years Since Most Recent Donation,0.0012116479080748065,6,False
122,feature_past_5yr_max_donation,Maximum Annual Donation Amount (Past 5 Years),0.0013028270321214998,4,True
122,donor_age,Donor Age,0.0026399549380262686,1,True
122,feature_gender_identity,Gender Identity,0.002091202693299705,2,True
122,feature_preferred_address_type,Preferred Address Type,0.0015607061326648821,3,True
123,feature_past_5yr_total_donation,Total Donation Amount (Past 5 Years),0.001211846068898271,6,False
123,feature_past_5yr_average_donation,Average Donation Amount (Past 5 Years),0.0013332918437216118,5,False
123,feature_past_5yr_donation_frequency_rate,Donation Frequency Rate (Past 5 Years),0.0005634571126654,8,False
123,feature_years_since_last_donation_past_5yr,Years Since Most Recent Donation,0.0011815486779806108,7,False
123,feature_past_5yr_max_donation,Maximum Annual Donation Amount (Past 5 Years),0.001411677180089512,4,True
123,donor_age,Donor Age,0.0026012191341765922,1,True
123,feature_gender_identity,Gender Identity,0.0020702589315560295,2,True
123,feature_preferred_address_type,Preferred Address Type,0.0016180627013154436,3,True
124,feature_past_5yr_total_donation,Total Donation Amount (Past 5 Years),0.0010883423600467946,7,False
124,feature_past_5yr_average_donation,Average Donation Amount (Past 5 Years),0.0012117139908226586,5,False
124,feature_past_5yr_donation_frequency_rate,Donation Frequency Rate (Past 5 Years),0.0005228149472835918,8,False
124,feature_years_since_last_donation_past_5yr,Years Since Most Recent Donation,0.0011733317613180486,6,False
124,feature_past_5yr_max_donation,Maximum Annual Donation Amount (Past 5 Years),0.0012993765772336483,4,True
124,donor_age,Donor Age,0.002725003044204571,1,True
124,feature_gender_identity,Gender Identity,0.002119736616965553,2,True
124,feature_preferred_address_type,Preferred Address Type,0.0015858548277774246,3,True
125,feature_past_5yr_total_donation,Total Donation Amount (Past 5 Years),0.0012651253707274108,6,False
125,feature_past_5yr_average_donation,Average Donation Amount (Past 5 Years),0.0013884570597068413,5,False
125,feature_past_5yr_donation_frequency_rate,Donation Frequency Rate (Past 5 Years),0.0005725705272750975,8,False
125,feature_years_since_last_donation_past_5yr,Years Since Most Recent Donation,0.0012486023559049118,7,False
125,feature_past_5yr_max_donation,Maximum Annual Donation Amount (Past 5 Years),0.0014510859028483555,4,True
125,donor_age,Donor Age,0.0028912955011845716,1,True
125,feature_gender_identity,Gender Identity,0.002203243602142689,2,True
125,feature_preferred_address_type,Preferred Address Type,0.0016326630703832044,3,True
126,feature_past_5yr_total_donation,Total Donation Amount (Past 5 Years),0.0012158474109497364,6,False
126,feature_past_5yr_average_donation,Average Donation Amount (Past 5 Years),0.001350357709128964,5,False
126,feature_past_5yr_donation_frequency_rate,Donation Frequency Rate (Past 5 Years),0.00055068573657845,8,False
126,feature_years_since_last_donation_past_5yr,Years Since Most Recent Donation,0.0011702557738638897,7,False
126,feature_past_5yr_max_donation,Maximum Annual Donation Amount (Past 5 Years),0.001428188916352006,4,True
126,donor_age,Donor Age,0.002686195256997874,1,True
126,feature_gender_identity,Gender Identity,0.0020960698887835054,2,True
126,feature_preferred_address_type,Preferred Address Type,0.0016589609537504043,3,True
127,feature_past_5yr_total_donation,Total Donation Amount (Past 5 Years),0.0011938776777516064,6,False
127,feature_past_5yr_average_donation,Average Donation Amount (Past 5 Years),0.001320903660841293,5,False
127,feature_past_5yr_donation_frequency_rate,Donation Frequency Rate (Past 5 Years),0.0005487150605300876,8,False
127,feature_years_since_last_donation_past_5yr,Years Since Most Recent Donation,0.0011601200359619486,7,False
127,feature_past_5yr_max_donation,Maximum Annual Donation Amount (Past 5 Years),0.0014151447283254986,4,True
127,donor_age,Donor Age,0.0027689804649705073,1,True
127,feature_gender_identity,Gender Identity,0.002083782163786861,2,True
127,feature_preferred_address_type,Preferred Address Type,0.0016073823187727218,3,True
128,feature_past_5yr_total_donation,Total Donation Amount (Past 5 Years),0.0011610868512778665,7,False
128,feature_past_5yr_average_donation,Average Donation Amount (Past 5 Years),0.0012857475658523603,5,False
128,feature_past_5yr_donation_frequency_rate,Donation Frequency Rate (Past 5 Years),0.0005407362664818298,8,False
128,feature_years_since_last_donation_past_5yr,Years Since Most Recent Donation,0.0012130461928401423,6,False
128,feature_past_5yr_max_donation,Maximum Annual Donation Amount (Past 5 Years),0.0013775892407765177,4,True
128,donor_age,Donor Age,0.0027143181868888723,1,True
128,feature_gender_identity,Gender Identity,0.0020732820048962367,2,True
128,feature_preferred_address_type,Preferred Address Type,0.0015732651621690932,3,True
129,feature_past_5yr_total_donation,Total Donation Amount (Past 5 Years),0.0009708361745459995,7,False
129,feature_past_5yr_average_donation,Average Donation Amount (Past 5 Years),0.001099975625986868,6,False
129,feature_past_5yr_donation_frequency_rate,Donation Frequency Rate (Past 5 Years),0.0005461580327605289,8,False
129,feature_years_since_last_donation_past_5yr,Years Since Most Recent Donation,0.0011783278447015757,5,False
129,feature_past_5yr_max_donation,Maximum Annual Donation Amount (Past 5 Years),0.0011987160471941386,4,True
129,donor_age,Donor Age,0.0025555843765561878,1,True
129,feature_gender_identity,Gender Identity,0.0020768977060992106,2,True
129,feature_preferred_address_type,Preferred Address Type,0.001590483015031839,3,True
130,feature_past_5yr_total_donation,Total Donation Amount (Past 5 Years),0.0010551860711238434,7,False
130,feature_past_5yr_average_donation,Average Donation Amount (Past 5 Years),0.0011802847773417055,6,False
130,feature_past_5yr_donation_frequency_rate,Donation Frequency Rate (Past 5 Years),0.0005304942275480606,8,False
130,feature_years_since_last_donation_past_5yr,Years Since Most Recent Donation,0.0011872252810328449,5,False
130,feature_past_5yr_max_donation,Maximum Annual Donation Amount (Past 5 Years),0.0013121779590214472,4,True
130,donor_age,Donor Age,0.0027830083906911557,1,True
130,feature_gender_identity,Gender Identity,0.002143419794339381,2,True
130,feature_preferred_address_type,Preferred Address Type,0.0016046256698707272,3,True
131,feature_past_5yr_total_donation,Total Donation Amount (Past 5 Years),0.0010781962754849743,7,False
131,feature_past_5yr_average_donation,Average Donation Amount (Past 5 Years),0.0012139675419202676,5,False
131,feature_past_5yr_donation_frequency_rate,Donation Frequency Rate (Past 5 Years),0.0005560054569726001,8,False
131,feature_years_since_last_donation_past_5yr,Years Since Most Recent Donation,0.001178648030686646,6,False
131,feature_past_5yr_max_donation,Maximum Annual Donation Amount (Past 5 Years),0.001248171553610765,4,True
131,donor_age,Donor Age,0.0027241831116190532,1,True
131,feature_gender_identity,Gender Identity,0.002144164498957411,2,True
131,feature_preferred_address_type,Preferred Address Type,0.00155705033185667,3,True
132,feature_past_5yr_total_donation,Total Donation Amount (Past 5 Years),0.0011300686634417496,7,False
132,feature_past_5yr_average_donation,Average Donation Amount (Past 5 Years),0.0012601010817704307,5,False
132,feature_past_5yr_donation_frequency_rate,Donation Frequency Rate (Past 5 Years),0.0005525504598457118,8,False
132,feature_years_since_last_donation_past_5yr,Years Since Most Recent Donation,0.0011709119624454102,6,False
132,feature_past_5yr_max_donation,Maximum Annual Donation Amount (Past 5 Years),0.0013520759448422289,4,True
132,donor_age,Donor Age,0.0028626814304119974,1,True
132,feature_gender_identity,Gender Identity,0.0021558306860802296,2,True
132,feature_preferred_address_type,Preferred Address Type,0.0016056803468383605,3,True
133,feature_past_5yr_total_donation,Total Donation Amount (Past 5 Years),0.0011241876719253032,7,False
133,feature_past_5yr_average_donation,Average Donation Amount (Past 5 Years),0.0012588354218503522,5,False
133,feature_past_5yr_donation_frequency_rate,Donation Frequency Rate (Past 5 Years),0.0005719514944061268,8,False
133,feature_years_since_last_donation_past_5yr,Years Since Most Recent Donation,0.001211751754447544,6,False
133,feature_past_5yr_max_donation,Maximum Annual Donation Amount (Past 5 Years),0.0013309199958551864,4,True
133,donor_age,Donor Age,0.0027618413536228343,1,True
133,feature_gender_identity,Gender Identity,0.002140044093320168,2,True
133,feature_preferred_address_type,Preferred Address Type,0.0016089588323120335,3,True
134,feature_past_5yr_total_donation,Total Donation Amount (Past 5 Years),0.0010763074744261072,7,False
134,feature_past_5yr_average_donation,Average Donation Amount (Past 5 Years),0.001207594288374186,5,False
134,feature_past_5yr_donation_frequency_rate,Donation Frequency Rate (Past 5 Years),0.0005443121324542559,8,False
134,feature_years_since_last_donation_past_5yr,Years Since Most Recent Donation,0.0011797886302824078,6,False
134,feature_past_5yr_max_donation,Maximum Annual Donation Amount (Past 5 Years),0.0013137697414946398,4,True
134,donor_age,Donor Age,0.0026889404639377696,1,True
134,feature_gender_identity,Gender Identity,0.0021000420033852256,2,True
134,feature_preferred_address_type,Preferred Address Type,0.00163388594088353,3,True
135,feature_past_5yr_total_donation,Total Donation Amount (Past 5 Years),0.0011516081905005365,7,False
135,feature_past_5yr_average_donation,Average Donation Amount (Past 5 Years),0.001286409456612713,5,False
135,feature_past_5yr_donation_frequency_rate,Donation Frequency Rate (Past 5 Years),0.0005498266071129856,8,False
135,feature_years_since_last_donation_past_5yr,Years Since Most Recent Donation,0.0011745288451760843,6,False
135,feature_past_5yr_max_donation,Maximum Annual Donation Amount (Past 5 Years),0.0013631277958505168,4,True
135,donor_age,Donor Age,0.0028554181361583413,1,True
135,feature_gender_identity,Gender Identity,0.002098866517586638,2,True
135,feature_preferred_address_type,Preferred Address Type,0.0015665255291338637,3,True
136,feature_past_5yr_total_donation,Total Donation Amount (Past 5 Years),0.0010842898090377563,7,False
136,feature_past_5yr_average_donation,Average Donation Amount (Past 5 Years),0.0012163506978236159,5,False
136,feature_past_5yr_donation_frequency_rate,Donation Frequency Rate (Past 5 Years),0.0005868174434964299,8,False
136,feature_years_since_last_donation_past_5yr,Years Since Most Recent Donation,0.001204978685497306,6,False
136,feature_past_5yr_max_donation,Maximum Annual Donation Amount (Past 5 Years),0.0012981270273239784,4,True
136,donor_age,Donor Age,0.0027330570218479185,1,True
136,feature_gender_identity,Gender Identity,0.002088235023372564,2,True
136,feature_preferred_address_type,Preferred Address Type,0.0016238007531479387,3,True
137,feature_past_5yr_total_donation,Total Donation Amount (Past 5 Years),0.001116580565059177,7,False
137,feature_past_5yr_average_donation,Average Donation Amount (Past 5 Years),0.0012462579195174918,5,False
137,feature_past_5yr_donation_frequency_rate,Donation Frequency Rate (Past 5 Years),0.0005352466727017801,8,False
137,feature_years_since_last_donation_past_5yr,Years Since Most Recent Donation,0.001173862214676351,6,False
137,feature_past_5yr_max_donation,Maximum Annual Donation Amount (Past 5 Years),0.001348692952570474,4,True
137,donor_age,Donor Age,0.0026499033051748454,1,True
137,feature_gender_identity,Gender Identity,0.0020975435254810006,2,True
137,feature_preferred_address_type,Preferred Address Type,0.0015948874725445217,3,True
138,feature_past_5yr_total_donation,Total Donation Amount (Past 5 Years),0.0013622954804762362,6,False
138,feature_past_5yr_average_donation,Average Donation Amount (Past 5 Years),0.0014787715097186558,5,False
138,feature_past_5yr_donation_frequency_rate,Donation Frequency Rate (Past 5 Years),0.0005927046641865601,8,False
138,feature_years_since_last_donation_past_5yr,Years Since Most Recent Donation,0.0012247947484474197,7,False
138,feature_past_5yr_max_donation,Maximum Annual Donation Amount (Past 5 Years),0.0015138302269160433,4,True
138,donor_age,Donor Age,0.0026502087252588623,1,True
138,feature_gender_identity,Gender Identity,0.002096976700014767,2,True
138,feature_preferred_address_type,Preferred Address Type,0.0016258646489135343,3,True
139,feature_past_5yr_total_donation,Total Donation Amount (Past 5 Years),0.0011445904629894268,7,False
139,feature_past_5yr_average_donation,Average Donation Amount (Past 5 Years),0.0012682383177419275,5,False
139,feature_past_5yr_donation_frequency_rate,Donation Frequency Rate (Past 5 Years),0.0005623320352192261,8,False
139,feature_years_since_last_donation_past_5yr,Years Since Most Recent Donation,0.0011804836152908304,6,False
139,feature_past_5yr_max_donation,Maximum Annual Donation Amount (Past 5 Years),0.0013301367284107466,4,True
139,donor_age,Donor Age,0.002792055213335312,1,True
139,feature_gender_identity,Gender Identity,0.0021520455191542023,2,True
139,feature_preferred_address_type,Preferred Address Type,0.0016150346073289048,3,True
140,feature_past_5yr_total_donation,Total Donation Amount (Past 5 Years),0.0010110963876424797,7,False
140,feature_past_5yr_average_donation,Average Donation Amount (Past 5 Years),0.0011382709486740313,6,False
140,feature_past_5yr_donation_frequency_rate,Donation Frequency Rate (Past 5 Years),0.0005555660639230183,8,False
140,feature_years_since_last_donation_past_5yr,Years Since Most Recent Donation,0.001147149227884288,5,False
140,feature_past_5yr_max_donation,Maximum Annual Donation Amount (Past 5 Years),0.0012494413051559853,4,True
140,donor_age,Donor Age,0.0027109046532812248,1,True
140,feature_gender_identity,Gender Identity,0.0020932985695356265,2,True
140,feature_preferred_address_type,Preferred Address Type,0.0016338382451174987,3,True
141,feature_past_5yr_total_donation,Total Donation Amount (Past 5 Years),0.0010814056343866417,7,False
141,feature_past_5yr_average_donation,Average Donation Amount (Past 5 Years),0.0012112131244378652,5,False
141,feature_past_5yr_donation_frequency_rate,Donation Frequency Rate (Past 5 Years),0.0005587738855560515,8,False
141,feature_years_since_last_donation_past_5yr,Years Since Most Recent Donation,0.0012059905175534917,6,False
141,feature_past_5yr_max_donation,Maximum Annual Donation Amount (Past 5 Years),0.0013043495513691483,4,True
141,donor_age,Donor Age,0.002764004630549614,1,True
141,feature_gender_identity,Gender Identity,0.002106952693079682,2,True
141,feature_preferred_address_type,Preferred Address Type,0.0016306622562650974,3,True
142,feature_past_5yr_total_donation,Total Donation Amount (Past 5 Years),0.0011106642546313654,7,False
142,feature_past_5yr_average_donation,Average Donation Amount (Past 5 Years),0.0012492870352683039,5,False
142,feature_past_5yr_donation_frequency_rate,Donation Frequency Rate (Past 5 Years),0.0005744997815023693,8,False
142,feature_years_since_last_donation_past_5yr,Years Since Most Recent Donation,0.0011438064695672137,6,False
142,feature_past_5yr_max_donation,Maximum Annual Donation Amount (Past 5 Years),0.00136512069717212,4,True
142,donor_age,Donor Age,0.002748423479650658,1,True
142,feature_gender_identity,Gender Identity,0.0021192042326991893,2,True
142,feature_preferred_address_type,Preferred Address Type,0.0016318394273111176,3,True
143,feature_past_5yr_total_donation,Total Donation Amount (Past 5 Years),0.0009805365721143415,7,False
143,feature_past_5yr_average_donation,Average Donation Amount (Past 5 Years),0.0011087548648400576,6,False
143,feature_past_5yr_donation_frequency_rate,Donation Frequency Rate (Past 5 Years),0.0005435852488626452,8,False
143,feature_years_since_last_donation_past_5yr,Years Since Most Recent Donation,0.0011620976744184642,5,False
143,feature_past_5yr_max_donation,Maximum Annual Donation Amount (Past 5 Years),0.0012419340044197201,4,True
143,donor_age,Donor Age,0.002695393553967771,1,True
143,feature_gender_identity,Gender Identity,0.0021029927880821656,2,True
143,feature_preferred_address_type,Preferred Address Type,0.0016009146426933614,3,True
144,feature_past_5yr_total_donation,Total Donation Amount (Past 5 Years),0.0010260914450461026,7,False
144,feature_past_5yr_average_donation,Average Donation Amount (Past 5 Years),0.0011442245349204566,6,False
144,feature_past_5yr_donation_frequency_rate,Donation Frequency Rate (Past 5 Years),0.0005527119572248516,8,False
144,feature_years_since_last_donation_past_5yr,Years Since Most Recent Donation,0.001192976211378811,5,False
144,feature_past_5yr_max_donation,Maximum Annual Donation Amount (Past 5 Years),0.0012629424970118748,4,True
144,donor_age,Donor Age,0.002809541756094333,1,True
144,feature_gender_identity,Gender Identity,0.002148402320304645,2,True
144,feature_preferred_address_type,Preferred Address Type,0.0016186693349440466,3,True
145,feature_past_5yr_total_donation,Total Donation Amount (Past 5 Years),0.0012924323063645497,6,False
145,feature_past_5yr_average_donation,Average Donation Amount (Past 5 Years),0.0014077228547333728,5,False
145,feature_past_5yr_donation_frequency_rate,Donation Frequency Rate (Past 5 Years),0.0005553628633887957,8,False
145,feature_years_since_last_donation_past_5yr,Years Since Most Recent Donation,0.0011944321959175953,7,False
145,feature_past_5yr_max_donation,Maximum Annual Donation Amount (Past 5 Years),0.0014234982120113191,4,True
145,donor_age,Donor Age,0.0026672074206050577,1,True
145,feature_gender_identity,Gender Identity,0.0021327225215390247,2,True
145,feature_preferred_address_type,Preferred Address Type,0.0015978177280014398,3,True
146,feature_past_5yr_total_donation,Total Donation Amount (Past 5 Years),0.001066944522941061,7,False
146,feature_past_5yr_average_donation,Average Donation Amount (Past 5 Years),0.0012033446217692748,6,False
146,feature_past_5yr_donation_frequency_rate,Donation Frequency Rate (Past 5 Years),0.000556800819305756,8,False
146,feature_years_since_last_donation_past_5yr,Years Since Most Recent Donation,0.0012230752925304958,5,False
146,feature_past_5yr_max_donation,Maximum Annual Donation Amount (Past 5 Years),0.0012724362415341942,4,True
146,donor_age,Donor Age,0.0026792772130425605,1,True
146,feature_gender_identity,Gender Identity,0.0021427102038009157,2,True
146,feature_preferred_address_type,Preferred Address Type,0.0016067297451362,3,True
147,feature_past_5yr_total_donation,Total Donation Amount (Past 5 Years),0.0011375509199498765,7,False
147,feature_past_5yr_average_donation,Average Donation Amount (Past 5 Years),0.001263556450428302,5,False
147,feature_past_5yr_donation_frequency_rate,Donation Frequency Rate (Past 5 Years),0.0005373769680272149,8,False
147,feature_years_since_last_donation_past_5yr,Years Since Most Recent Donation,0.0011606128184584368,6,False
147,feature_past_5yr_max_donation,Maximum Annual Donation Amount (Past 5 Years),0.0013265331533345917,4,True
147,donor_age,Donor Age,0.002714851335686029,1,True
147,feature_gender_identity,Gender Identity,0.0020833356260805246,2,True
147,feature_preferred_address_type,Preferred Address Type,0.0015985319850701826,3,True
148,feature_past_5yr_total_donation,Total Donation Amount (Past 5 Years),0.0010474417599115023,7,False
148,feature_past_5yr_average_donation,Average Donation Amount (Past 5 Years),0.0011886463621372076,5,False
148,feature_past_5yr_donation_frequency_rate,Donation Frequency Rate (Past 5 Years),0.0005414934935283652,8,False
148,feature_years_since_last_donation_past_5yr,Years Since Most Recent Donation,0.0011555816774883269,6,False
148,feature_past_5yr_max_donation,Maximum Annual Donation Amount (Past 5 Years),0.0013003766964753947,4,True
148,donor_age,Donor Age,0.0027760881576042924,1,True
148,feature_gender_identity,Gender Identity,0.002100798189304115,2,True
148,feature_preferred_address_type,Preferred Address Type,0.0015773477227109267,3,True
149,feature_past_5yr_total_donation,Total Donation Amount (Past 5 Years),0.0010900843585624556,7,False
149,feature_past_5yr_average_donation,Average Donation Amount (Past 5 Years),0.0012255145101498295,5,False
149,feature_past_5yr_donation_frequency_rate,Donation Frequency Rate (Past 5 Years),0.0005380840330453175,8,False
149,feature_years_since_last_donation_past_5yr,Years Since Most Recent Donation,0.0011585576704943017,6,False
149,feature_past_5yr_max_donation,Maximum Annual Donation Amount (Past 5 Years),0.0012900336498458346,4,True
149,donor_age,Donor Age,0.0026994966181944483,1,True
149,feature_gender_identity,Gender Identity,0.0021690642252317487,2,True
149,feature_preferred_address_type,Preferred Address Type,0.0016234346342870304,3,True
150,feature_past_5yr_total_donation,Total Donation Amount (Past 5 Years),0.0011519186939381433,7,False
150,feature_past_5yr_average_donation,Average Donation Amount (Past 5 Years),0.001282239886544679,5,False
150,feature_past_5yr_donation_frequency_rate,Donation Frequency Rate (Past 5 Years),0.0005637701422406362,8,False
150,feature_years_since_last_donation_past_5yr,Years Since Most Recent Donation,0.0011563608515599406,6,False
150,feature_past_5yr_max_donation,Maximum Annual Donation Amount (Past 5 Years),0.0013378210434069687,4,True
150,donor_age,Donor Age,0.0027380314585417178,1,True
150,feature_gender_identity,Gender Identity,0.002076400699528972,2,True
150,feature_preferred_address_type,Preferred Address Type,0.0015477028807055026,3,True
151,feature_past_5yr_total_donation,Total Donation Amount (Past 5 Years),0.0010879008807192481,7,False
151,feature_past_5yr_average_donation,Average Donation Amount (Past 5 Years),0.0012049027223694209,6,False
151,feature_past_5yr_donation_frequency_rate,Donation Frequency Rate (Past 5 Years),0.0005714940110833603,8,False
151,feature_years_since_last_donation_past_5yr,Years Since Most Recent Donation,0.0012519206151675435,5,False
151,feature_past_5yr_max_donation,Maximum Annual Donation Amount (Past 5 Years),0.0012773273713701867,4,True
151,donor_age,Donor Age,0.0027927083440755065,1,True
151,feature_gender_identity,Gender Identity,0.002133299182528285,2,True
151,feature_preferred_address_type,Preferred Address Type,0.0016038982063814693,3,True
152,feature_past_5yr_total_donation,Total Donation Amount (Past 5 Years),0.0009855541763694412,7,False
152,feature_past_5yr_average_donation,Average Donation Amount (Past 5 Years),0.0011194664007758463,6,False
152,feature_past_5yr_donation_frequency_rate,Donation Frequency Rate (Past 5 Years),0.0005426274924979861,8,False
152,feature_years_since_last_donation_past_5yr,Years Since Most Recent Donation,0.0011933822494638272,5,False
152,feature_past_5yr_max_donation,Maximum Annual Donation Amount (Past 5 Years),0.0012609990656701055,4,True
152,donor_age,Donor Age,0.002596096305586528,1,True
152,feature_gender_identity,Gender Identity,0.00206912206205824,2,True
152,feature_preferred_address_type,Preferred Address Type,0.0015465018784767033,3,True
153,feature_past_5yr_total_donation,Total Donation Amount (Past 5 Years),0.0010967945063358488,7,False
153,feature_past_5yr_average_donation,Average Donation Amount (Past 5 Years),0.001230408533393688,5,False
153,feature_past_5yr_donation_frequency_rate,Donation Frequency Rate (Past 5 Years),0.0005260519664363663,8,False
153,feature_years_since_last_donation_past_5yr,Years Since Most Recent Donation,0.0011373546726420874,6,False
153,feature_past_5yr_max_donation,Maximum Annual Donation Amount (Past 5 Years),0.001299898822981021,4,True
153,donor_age,Donor Age,0.0026975860888799074,1,True
153,feature_gender_identity,Gender Identity,0.0021152655161506433,2,True
153,feature_preferred_address_type,Preferred Address Type,0.001603236195211231,3,True
154,feature_past_5yr_total_donation,Total Donation Amount (Past 5 Years),0.0011702784901111763,7,False
154,feature_past_5yr_average_donation,Average Donation Amount (Past 5 Years),0.0012882810106788834,5,False
154,feature_past_5yr_donation_frequency_rate,Donation Frequency Rate (Past 5 Years),0.0005885305957148645,8,False
154,feature_years_since_last_donation_past_5yr,Years Since Most Recent Donation,0.001182292000560524,6,False
154,feature_past_5yr_max_donation,Maximum Annual Donation Amount (Past 5 Years),0.0013760132982796004,4,True
154,donor_age,Donor Age,0.0028013125443313415,1,True
154,feature_gender_identity,Gender Identity,0.0021398036210195787,2,True
154,feature_preferred_address_type,Preferred Address Type,0.0016242699994862618,3,True
155,feature_past_5yr_total_donation,Total Donation Amount (Past 5 Years),0.0010720829810577813,7,False
155,feature_past_5yr_average_donation,Average Donation Amount (Past 5 Years),0.0012075506907400914,5,False
155,feature_past_5yr_donation_frequency_rate,Donation Frequency Rate (Past 5 Years),0.0005445773669649146,8,False
155,feature_years_since_last_donation_past_5yr,Years Since Most Recent Donation,0.0011760683320878591,6,False
155,feature_past_5yr_max_donation,Maximum Annual Donation Amount (Past 5 Years),0.0012587032177315115,4,True
155,donor_age,Donor Age,0.002774741067952321,1,True
155,feature_gender_identity,Gender Identity,0.00212186337236021,2,True
155,feature_preferred_address_type,Preferred Address Type,0.001615676232330586,3,True
156,feature_past_5yr_total_donation,Total Donation Amount (Past 5 Years),0.0011880265296994826,7,False
156,feature_past_5yr_average_donation,Average Donation Amount (Past 5 Years),0.0013256585343720227,5,False
156,feature_past_5yr_donation_frequency_rate,Donation Frequency Rate (Past 5 Years),0.0005597415895604512,8,False
156,feature_years_since_last_donation_past_5yr,Years Since Most Recent Donation,0.0011948776820661464,6,False
156,feature_past_5yr_max_donation,Maximum Annual Donation Amount (Past 5 Years),0.0013826257579751021,4,True
156,donor_age,Donor Age,0.0026248650655228342,1,True
156,feature_gender_identity,Gender Identity,0.0021029724293906236,2,True
156,feature_preferred_address_type,Preferred Address Type,0.0015702669939757707,3,True
157,feature_past_5yr_total_donation,Total Donation Amount (Past 5 Years),0.0010235102161981855,7,False
157,feature_past_5yr_average_donation,Average Donation Amount (Past 5 Years),0.0011713769072299051,6,False
157,feature_past_5yr_donation_frequency_rate,Donation Frequency Rate (Past 5 Years),0.0005499144095832562,8,False
157,feature_years_since_last_donation_past_5yr,Years Since Most Recent Donation,0.0012189511716499863,5,False
157,feature_past_5yr_max_donation,Maximum Annual Donation Amount (Past 5 Years),0.0012432134752031231,4,True
157,donor_age,Donor Age,0.002640995873684802,1,True
157,feature_gender_identity,Gender Identity,0.0020539006126056004,2,True
157,feature_preferred_address_type,Preferred Address Type,0.001587095246659379,3,True
158,feature_past_5yr_total_donation,Total Donation Amount (Past 5 Years),0.0011524388855097755,7,False
158,feature_past_5yr_average_donation,Average Donation Amount (Past 5 Years),0.0012733794556154092,5,False
158,feature_past_5yr_donation_frequency_rate,Donation Frequency Rate (Past 5 Years),0.0005104659201383811,8,False
158,feature_years_since_last_donation_past_5yr,Years Since Most Recent Donation,0.001228791026470627,6,False
158,feature_past_5yr_max_donation,Maximum Annual Donation Amount (Past 5 Years),0.0013286301285828082,4,True
158,donor_age,Donor Age,0.0027704859912151573,1,True
158,feature_gender_identity,Gender Identity,0.002161604804464414,2,True
158,feature_preferred_address_type,Preferred Address Type,0.001580077474337252,3,True
159,feature_past_5yr_total_donation,Total Donation Amount (Past 5 Years),0.0010934228727487844,7,False
159,feature_past_5yr_average_donation,Average Donation Amount (Past 5 Years),0.0012210643088063154,5,False
159,feature_past_5yr_donation_frequency_rate,Donation Frequency Rate (Past 5 Years),0.0005522742928501756,8,False
159,feature_years_since_last_donation_past_5yr,Years Since Most Recent Donation,0.0011982615397680423,6,False
159,feature_past_5yr_max_donation,Maximum Annual Donation Amount (Past 5 Years),0.001352360721678484,4,True
159,donor_age,Donor Age,0.002742614637056031,1,True
159,feature_gender_identity,Gender Identity,0.002133062967055048,2,True
159,feature_preferred_address_type,Preferred Address Type,0.0016513977490553403,3,True
160,feature_past_5yr_total_donation,Total Donation Amount (Past 5 Years),0.001116354977313257,7,False
160,feature_past_5yr_average_donation,Average Donation Amount (Past 5 Years),0.0012453718649177187,5,False
160,feature_past_5yr_donation_frequency_rate,Donation Frequency Rate (Past 5 Years),0.000544442338270583,8,False
160,feature_years_since_last_donation_past_5yr,Years Since Most Recent Donation,0.0012118851001438385,6,False
160,feature_past_5yr_max_donation,Maximum Annual Donation Amount (Past 5 Years),0.0013443166455166873,4,True
160,donor_age,Donor Age,0.0026685960995514618,1,True
160,feature_gender_identity,Gender Identity,0.0021177075229360273,2,True
160,feature_preferred_address_type,Preferred Address Type,0.0015788519176236423,3,True
161,feature_past_5yr_total_donation,Total Donation Amount (Past 5 Years),0.0010607181842611118,7,False
161,feature_past_5yr_average_donation,Average Donation Amount (Past 5 Years),0.0011675067674145833,6,False
161,feature_past_5yr_donation_frequency_rate,Donation Frequency Rate (Past 5 Years),0.0005514958814822771,8,False
161,feature_years_since_last_donation_past_5yr,Years Since Most Recent Donation,0.001185395976080082,5,False
161,feature_past_5yr_max_donation,Maximum Annual Donation Amount (Past 5 Years),0.001319398617705791,4,True
161,donor_age,Donor Age,0.002678848663892476,1,True
161,feature_gender_identity,Gender Identity,0.0021192498514104444,2,True
161,feature_preferred_address_type,Preferred Address Type,0.0016269258796647384,3,True
162,feature_past_5yr_total_donation,Total Donation Amount (Past 5 Years),0.0012290550288318078,6,False
162,feature_past_5yr_average_donation,Average Donation Amount (Past 5 Years),0.0013599501240144712,5,False
162,feature_past_5yr_donation_frequency_rate,Donation Frequency Rate (Past 5 Years),0.0005919548848159831,8,False
162,feature_years_since_last_donation_past_5yr,Years Since Most Recent Donation,0.0012110926215481474,7,False
162,feature_past_5yr_max_donation,Maximum Annual Donation Amount (Past 5 Years),0.0014240819051265412,4,True
162,donor_age,Donor Age,0.002805947440857389,1,True
162,feature_gender_identity,Gender Identity,0.0021261686141069995,2,True
162,feature_preferred_address_type,Preferred Address Type,0.0016634068015404008,3,True
163,feature_past_5yr_total_donation,Total Donation Amount (Past 5 Years),0.001110513572848467,7,False
163,feature_past_5yr_average_donation,Average Donation Amount (Past 5 Years),0.0012379092686049702,5,False
163,feature_past_5yr_donation_frequency_rate,Donation Frequency Rate (Past 5 Years),0.0005454188792533833,8,False
163,feature_years_since_last_donation_past_5yr,Years Since Most Recent Donation,0.001190324926986191,6,False
163,feature_past_5yr_max_donation,Maximum Annual Donation Amount (Past 5 Years),0.0013039818583694053,4,True
163,donor_age,Donor Age,0.002736501215949779,1,True
163,feature_gender_identity,Gender Identity,0.0021457484896596256,2,True
163,feature_preferred_address_type,Preferred Address Type,0.0015542944070597714,3,True
164,feature_past_5yr_total_donation,Total Donation Amount (Past 5 Years),0.0011990887535894001,7,False
164,feature_past_5yr_average_donation,Average Donation Amount (Past 5 Years),0.0013161959937302112,5,False
164,feature_past_5yr_donation_frequency_rate,Donation Frequency Rate (Past 5 Years),0.0005665726610701917,8,False
164,feature_years_since_last_donation_past_5yr,Years Since Most Recent Donation,0.0012129898352920398,6,False
164,feature_past_5yr_max_donation,Maximum Annual Donation Amount (Past 5 Years),0.001369310370230658,4,True
164,donor_age,Donor Age,0.0026624734178494454,1,True
164,feature_gender_identity,Gender Identity,0.002144551661099208,2,True
164,feature_preferred_address_type,Preferred Address Type,0.0015648484579868969,3,True
165,feature_past_5yr_total_donation,Total Donation Amount (Past 5 Years),0.001302272383218868,6,False
165,feature_past_5yr_average_donation,Average Donation Amount (Past 5 Years),0.0014508082402479943,5,False
165,feature_past_5yr_donation_frequency_rate,Donation Frequency Rate (Past 5 Years),0.000550099308159281,8,False
165,feature_years_since_last_donation_past_5yr,Years Since Most Recent Donation,0.0011612811370607125,7,False
165,feature_past_5yr_max_donation,Maximum Annual Donation Amount (Past 5 Years),0.0014577777600830058,4,True
165,donor_age,Donor Age,0.0027429352540510603,1,True
165,feature_gender_identity,Gender Identity,0.002144321146942804,2,True
165,feature_preferred_address_type,Preferred Address Type,0.0016096222098304742,3,True
166,feature_past_5yr_total_donation,Total Donation Amount (Past 5 Years),0.0009861747086983813,7,False
166,feature_past_5yr_average_donation,Average Donation Amount (Past 5 Years),0.0011175738055345524,6,False
166,feature_past_5yr_donation_frequency_rate,Donation Frequency Rate (Past 5 Years),0.0005237620656303621,8,False
166,feature_years_since_last_donation_past_5yr,Years Since Most Recent Donation,0.0011645336287068044,5,False
166,feature_past_5yr_max_donation,Maximum Annual Donation Amount (Past 5 Years),0.0012144379232430142,4,True
166,donor_age,Donor Age,0.0026350334305712546,1,True
166,feature_gender_identity,Gender Identity,0.0020744337746539227,2,True
166,feature_preferred_address_type,Preferred Address Type,0.0015714738367870837,3,True
167,feature_past_5yr_total_donation,Total Donation Amount (Past 5 Years),0.0010035429597826239,7,False
167,feature_past_5yr_average_donation,Average Donation Amount (Past 5 Years),0.001137651478594179,6,False
167,feature_past_5yr_donation_frequency_rate,Donation Frequency Rate (Past 5 Years),0.0005411015800753168,8,False
167,feature_years_since_last_donation_past_5yr,Years Since Most Recent Donation,0.0011989204753560276,5,False
167,feature_past_5yr_max_donation,Maximum Annual Donation Amount (Past 5 Years),0.001222521622505455,4,True
167,donor_age,Donor Age,0.0027902778456363017,1,True
167,feature_gender_identity,Gender Identity,0.002126163301776755,2,True
167,feature_preferred_address_type,Preferred Address Type,0.001600327010726727,3,True
168,feature_past_5yr_total_donation,Total Donation Amount (Past 5 Years),0.0010910063856099834,7,False
168,feature_past_5yr_average_donation,Average Donation Amount (Past 5 Years),0.001217448722398441,5,False
168,feature_past_5yr_donation_frequency_rate,Donation Frequency Rate (Past 5 Years),0.0005731568741086669,8,False
168,feature_years_since_last_donation_past_5yr,Years Since Most Recent Donation,0.001194727337216477,6,False
168,feature_past_5yr_max_donation,Maximum Annual Donation Amount (Past 5 Years),0.0013015113879650778,4,True
168,donor_age,Donor Age,0.0027588407075490526,1,True
168,feature_gender_identity,Gender Identity,0.002081734116478394,2,True
168,feature_preferred_address_type,Preferred Address Type,0.0015913033881288874,3,True
169,feature_past_5yr_total_donation,Total Donation Amount (Past 5 Years),0.00101684912302182,7,False
169,feature_past_5yr_average_donation,Average Donation Amount (Past 5 Years),0.001151183467581219,6,False
169,feature_past_5yr_donation_frequency_rate,Donation Frequency Rate (Past 5 Years),0.000570209893598675,8,False
169,feature_years_since_last_donation_past_5yr,Years Since Most Recent Donation,0.0012453138034096193,5,False
169,feature_past_5yr_max_donation,Maximum Annual Donation Amount (Past 5 Years),0.0012838140400887933,4,True
169,donor_age,Donor Age,0.0027766694546689616,1,True
169,feature_gender_identity,Gender Identity,0.0021690470179362153,2,True
169,feature_preferred_address_type,Preferred Address Type,0.0016154052143355154,3,True
170,feature_past_5yr_total_donation,Total Donation Amount (Past 5 Years),0.0011602090979514858,7,False
170,feature_past_5yr_average_donation,Average Donation Amount (Past 5 Years),0.0012840045627102114,5,False
170,feature_past_5yr_donation_frequency_rate,Donation Frequency Rate (Past 5 Years),0.0005602975355557129,8,False
170,feature_years_since_last_donation_past_5yr,Years Since Most Recent Donation,0.0011740565334261732,6,False
170,feature_past_5yr_max_donation,Maximum Annual Donation Amount (Past 5 Years),0.001391166200468166,4,True
170,donor_age,Donor Age,0.0028047668312153953,1,True
170,feature_gender_identity,Gender Identity,0.0020908453861852245,2,True
170,feature_preferred_address_type,Preferred Address Type,0.0016522510919389057,3,True
171,feature_past_5yr_total_donation,Total Donation Amount (Past 5 Years),0.0012814384764462637,6,False
171,feature_past_5yr_average_donation,Average Donation Amount (Past 5 Years),0.0014041899959378592,5,False
171,feature_past_5yr_donation_frequency_rate,Donation Frequency Rate (Past 5 Years),0.0005833768792648862,8,False
171,feature_years_since_last_donation_past_5yr,Years Since Most Recent Donation,0.0012346490076789523,7,False
171,feature_past_5yr_max_donation,Maximum Annual Donation Amount (Past 5 Years),0.0014545372652099138,4,True
171,donor_age,Donor Age,0.002745725566368227,1,True
171,feature_gender_identity,Gender Identity,0.0021403766154185033,2,True
171,feature_preferred_address_type,Preferred Address Type,0.001637785388333538,3,True
172,feature_past_5yr_total_donation,Total Donation Amount (Past 5 Years),0.0011299300325174617,7,False
172,feature_past_5yr_average_donation,Average Donation Amount (Past 5 Years),0.0012826368298506335,5,False
172,feature_past_5yr_donation_frequency_rate,Donation Frequency Rate (Past 5 Years),0.0005499875541154333,8,False
172,feature_years_since_last_donation_past_5yr,Years Since Most Recent Donation,0.001231400330894015,6,False
172,feature_past_5yr_max_donation,Maximum Annual Donation Amount (Past 5 Years),0.0013407113384434107,4,True
172,donor_age,Donor Age,0.0026217172629868835,1,True
172,feature_gender_identity,Gender Identity,0.002096317528398749,2,True
172,feature_preferred_address_type,Preferred Address Type,0.0016293250721418214,3,True
173,feature_past_5yr_total_donation,Total Donation Amount (Past 5 Years),0.0010575741464615384,7,False
173,feature_past_5yr_average_donation,Average Donation Amount (Past 5 Years),0.001181474024904744,5,False
173,feature_past_5yr_donation_frequency_rate,Donation Frequency Rate (Past 5 Years),0.0005477653367552956,8,False
173,feature_years_since_last_donation_past_5yr,Years Since Most Recent Donation,0.0011547004255711248,6,False
173,feature_past_5yr_max_donation,Maximum Annual Donation Amount (Past 5 Years),0.0012881292703376924,4,True
173,donor_age,Donor Age,0.002670441091986837,1,True
173,feature_gender_identity,Gender Identity,0.0021043412267544638,2,True
173,feature_preferred_address_type,Preferred Address Type,0.0015784838433545994,3,True
174,feature_past_5yr_total_donation,Total Donation Amount (Past 5 Years),0.0010867328238074697,7,False
174,feature_past_5yr_average_donation,Average Donation Amount (Past 5 Years),0.0012200063695964798,5,False
174,feature_past_5yr_donation_frequency_rate,Donation Frequency Rate (Past 5 Years),0.0005504471657057256,8,False
174,feature_years_since_last_donation_past_5yr,Years Since Most Recent Donation,0.0012172502258874212,6,False
174,feature_past_5yr_max_donation,Maximum Annual Donation Amount (Past 5 Years),0.0012958602147643563,4,True
174,donor_age,Donor Age,0.0027568668562584424,1,True
174,feature_gender_identity,Gender Identity,0.00213633439178272,2,True
174,feature_preferred_address_type,Preferred Address Type,0.0015994128289393164,3,True
175,feature_past_5yr_total_donation,Total Donation Amount (Past 5 Years),0.0011605266003496726,6,False
175,feature_past_5yr_average_donation,Average Donation Amount (Past 5 Years),0.001286922988779449,5,False
175,feature_past_5yr_donation_frequency_rate,Donation Frequency Rate (Past 5 Years),0.000557088117428399,8,False
175,feature_years_since_last_donation_past_5yr,Years Since Most Recent Donation,0.0011529107408161147,7,False
175,feature_past_5yr_max_donation,Maximum Annual Donation Amount (Past 5 Years),0.0013664336767632147,4,True
175,donor_age,Donor Age,0.002747425524871515,1,True
175,feature_gender_identity,Gender Identity,0.002110552884751821,2,True
175,feature_preferred_address_type,Preferred Address Type,0.0016337808746073915,3,True
176,feature_past_5yr_total_donation,Total Donation Amount (Past 5 Years),0.0011869686743473155,6,False
176,feature_past_5yr_average_donation,Average Donation Amount (Past 5 Years),0.0013407965402696482,5,False
176,feature_past_5yr_donation_frequency_rate,Donation Frequency Rate (Past 5 Years),0.0005545302898118112,8,False
176,feature_years_since_last_donation_past_5yr,Years Since Most Recent Donation,0.0011510140920741843,7,False
176,feature_past_5yr_max_donation,Maximum Annual Donation Amount (Past 5 Years),0.0014883730883188814,4,True
176,donor_age,Donor Age,0.0026871087958055422,1,True
176,feature_gender_identity,Gender Identity,0.0020957997425541585,2,True
176,feature_preferred_address_type,Preferred Address Type,0.0015580608423726397,3,True
177,feature_past_5yr_total_donation,Total Donation Amount (Past 5 Years),0.001078121359949064,7,False
177,feature_past_5yr_average_donation,Average Donation Amount (Past 5 Years),0.001212533974622518,6,False
177,feature_past_5yr_donation_frequency_rate,Donation Frequency Rate (Past 5 Years),0.0005461143398988919,8,False
177,feature_years_since_last_donation_past_5yr,Years Since Most Recent Donation,0.001228835576355839,5,False
177,feature_past_5yr_max_donation,Maximum Annual Donation Amount (Past 5 Years),0.0012817443744437388,4,True
177,donor_age,Donor Age,0.002659530030434105,1,True
177,feature_gender_identity,Gender Identity,0.002048994616298707,2,True
177,feature_preferred_address_type,Preferred Address Type,0.001541581074780327,3,True
178,feature_past_5yr_total_donation,Total Donation Amount (Past 5 Years),0.0010544244596598002,7,False
178,feature_past_5yr_average_donation,Average Donation Amount (Past 5 Years),0.001181605893341459,5,False
178,feature_past_5yr_donation_frequency_rate,Donation Frequency Rate (Past 5 Years),0.0005323066966995292,8,False
178,feature_years_since_last_donation_past_5yr,Years Since Most Recent Donation,0.0011605612116459283,6,False
178,feature_past_5yr_max_donation,Maximum Annual Donation Amount (Past 5 Years),0.0012845322087126048,4,True
178,donor_age,Donor Age,0.0027675517945574867,1,True
178,feature_gender_identity,Gender Identity,0.002096343481284617,2,True
178,feature_preferred_address_type,Preferred Address Type,0.0015519393469591674,3,True
179,feature_past_5yr_total_donation,Total Donation Amount (Past 5 Years),0.0010953115263386938,7,False
179,feature_past_5yr_average_donation,Average Donation Amount (Past 5 Years),0.0012325303313562726,5,False
179,feature_past_5yr_donation_frequency_rate,Donation Frequency Rate (Past 5 Years),0.0005329459537559434,8,False
179,feature_years_since_last_donation_past_5yr,Years Since Most Recent Donation,0.001133188407928923,6,False
179,feature_past_5yr_max_donation,Maximum Annual Donation Amount (Past 5 Years),0.001333579913806713,4,True
179,donor_age,Donor Age,0.00268402408785693,1,True
179,feature_gender_identity,Gender Identity,0.0020657139206748712,2,True
179,feature_preferred_address_type,Preferred Address Type,0.001547144728765887,3,True
180,feature_past_5yr_total_donation,Total Donation Amount (Past 5 Years),0.001133461449307501,7,False
180,feature_past_5yr_average_donation,Average Donation Amount (Past 5 Years),0.0012553790065881702,5,False
180,feature_past_5yr_donation_frequency_rate,Donation Frequency Rate (Past 5 Years),0.0005349738010802741,8,False
180,feature_years_since_last_donation_past_5yr,Years Since Most Recent Donation,0.0011664901699431822,6,False
180,feature_past_5yr_max_donation,Maximum Annual Donation Amount (Past 5 Years),0.0013566353962135352,4,True
180,donor_age,Donor Age,0.0027028541343710527,1,True
180,feature_gender_identity,Gender Identity,0.0021231678829454546,2,True
180,feature_preferred_address_type,Preferred Address Type,0.0016283800007048117,3,True
181,feature_past_5yr_total_donation,Total Donation Amount (Past 5 Years),0.0011781453509191963,7,False
181,feature_past_5yr_average_donation,Average Donation Amount (Past 5 Years),0.0013131056434758407,5,False
181,feature_past_5yr_donation_frequency_rate,Donation Frequency Rate (Past 5 Years),0.0005800366033926726,8,False
181,feature_years_since_last_donation_past_5yr,Years Since Most Recent Donation,0.0012059020269765321,6,False
181,feature_past_5yr_max_donation,Maximum Annual Donation Amount (Past 5 Years),0.0013867850809360547,4,True
181,donor_age,Donor Age,0.0025384847104648373,1,True
181,feature_gender_identity,Gender Identity,0.002064959391050029,2,True
181,feature_preferred_address_type,Preferred Address Type,0.0015884644228348944,3,True
182,feature_past_5yr_total_donation,Total Donation Amount (Past 5 Years),0.0010208183270724487,7,False
182,feature_past_5yr_average_donation,Average Donation Amount (Past 5 Years),0.0011575154962090767,6,False
182,feature_past_5yr_donation_frequency_rate,Donation Frequency Rate (Past 5 Years),0.0005209106718306838,8,False
182,feature_years_since_last_donation_past_5yr,Years Since Most Recent Donation,0.0011670348049387888,5,False
182,feature_past_5yr_max_donation,Maximum Annual Donation Amount (Past 5 Years),0.001273489902102647,4,True
182,donor_age,Donor Age,0.0026585703396571243,1,True
182,feature_gender_identity,Gender Identity,0.0021200854597967483,2,True
182,feature_preferred_address_type,Preferred Address Type,0.0015485969155151576,3,True
183,feature_past_5yr_total_donation,Total Donation Amount (Past 5 Years),0.0009953679531317847,7,False
183,feature_past_5yr_average_donation,Average Donation Amount (Past 5 Years),0.0011171578763973034,6,False
183,feature_past_5yr_donation_frequency_rate,Donation Frequency Rate (Past 5 Years),0.0005486846690317382,8,False
183,feature_years_since_last_donation_past_5yr,Years Since Most Recent Donation,0.0011865237069282172,5,False
183,feature_past_5yr_max_donation,Maximum Annual Donation Amount (Past 5 Years),0.0012040023360609465,4,True
183,donor_age,Donor Age,0.0026522569416385687,1,True
183,feature_gender_identity,Gender Identity,0.0020782570342350727,2,True
183,feature_preferred_address_type,Preferred Address Type,0.0016087222444638796,3,True
184,feature_past_5yr_total_donation,Total Donation Amount (Past 5 Years),0.000988415761685739,7,False
184,feature_past_5yr_average_donation,Average Donation Amount (Past 5 Years),0.001118380650078573,6,False
184,feature_past_5yr_donation_frequency_rate,Donation Frequency Rate (Past 5 Years),0.0005238112728120286,8,False
184,feature_years_since_last_donation_past_5yr,Years Since Most Recent Donation,0.0011876813260365251,5,False
184,feature_past_5yr_max_donation,Maximum Annual Donation Amount (Past 5 Years),0.0012972405961701352,4,True
184,donor_age,Donor Age,0.002640601465685202,1,True
184,feature_gender_identity,Gender Identity,0.002127280592973588,2,True
184,feature_preferred_address_type,Preferred Address Type,0.0015678291826943418,3,True
185,feature_past_5yr_total_donation,Total Donation Amount (Past 5 Years),0.0011425042811093794,7,False
185,feature_past_5yr_average_donation,Average Donation Amount (Past 5 Years),0.0012569717206417554,5,False
185,feature_past_5yr_donation_frequency_rate,Donation Frequency Rate (Past 5 Years),0.0005550999351684777,8,False
185,feature_years_since_last_donation_past_5yr,Years Since Most Recent Donation,0.0011848652523428337,6,False
185,feature_past_5yr_max_donation,Maximum Annual Donation Amount (Past 5 Years),0.0013783317532035638,4,True
185,donor_age,Donor Age,0.0025918436050283095,1,True
185,feature_gender_identity,Gender Identity,0.002089457769160471,2,True
185,feature_preferred_address_type,Preferred Address Type,0.0016129320384508587,3,True
186,feature_past_5yr_total_donation,Total Donation Amount (Past 5 Years),0.0011450855162804825,7,False
186,feature_past_5yr_average_donation,Average Donation Amount (Past 5 Years),0.0012438951288989762,5,False
186,feature_past_5yr_donation_frequency_rate,Donation Frequency Rate (Past 5 Years),0.0005566545467114406,8,False
186,feature_years_since_last_donation_past_5yr,Years Since Most Recent Donation,0.0011925440964700147,6,False
186,feature_past_5yr_max_donation,Maximum Annual Donation Amount (Past 5 Years),0.001337593455148006,4,True
186,donor_age,Donor Age,0.002854244829109684,1,True
186,feature_gender_identity,Gender Identity,0.00214062829445046,2,True
186,feature_preferred_address_type,Preferred Address Type,0.0016239227832899911,3,True
187,feature_past_5yr_total_donation,Total Donation Amount (Past 5 Years),0.000968656069852748,7,False
187,feature_past_5yr_average_donation,Average Donation Amount (Past 5 Years),0.0011116201210310673,6,False
187,feature_past_5yr_donation_frequency_rate,Donation Frequency Rate (Past 5 Years),0.0005344464108018492,8,False
187,feature_years_since_last_donation_past_5yr,Years Since Most Recent Donation,0.0011610661400164699,5,False
187,feature_past_5yr_max_donation,Maximum Annual Donation Amount (Past 5 Years),0.0012365496065192235,4,True
187,donor_age,Donor Age,0.002619424903491188,1,True
187,feature_gender_identity,Gender Identity,0.002064057835191739,2,True
187,feature_preferred_address_type,Preferred Address Type,0.0016043136113385,3,True
188,feature_past_5yr_total_donation,Total Donation Amount (Past 5 Years),0.001134249176004051,7,False
188,feature_past_5yr_average_donation,Average Donation Amount (Past 5 Years),0.001246324117245009,5,False
188,feature_past_5yr_donation_frequency_rate,Donation Frequency Rate (Past 5 Years),0.0005216460323810575,8,False
188,feature_years_since_last_donation_past_5yr,Years Since Most Recent Donation,0.0012317710054925472,6,False
188,feature_past_5yr_max_donation,Maximum Annual Donation Amount (Past 5 Years),0.0013294844118340629,4,True
188,donor_age,Donor Age,0.0026172042701420426,1,True
188,feature_gender_identity,Gender Identity,0.002135280443671879,2,True
188,feature_preferred_address_type,Preferred Address Type,0.0016324043150768826,3,True
189,feature_past_5yr_total_donation,Total Donation Amount (Past 5 Years),0.0011690144300862692,7,False
189,feature_past_5yr_average_donation,Average Donation Amount (Past 5 Years),0.0013011179916571863,5,False
189,feature_past_5yr_donation_frequency_rate,Donation Frequency Rate (Past 5 Years),0.0005721326140470341,8,False
189,feature_years_since_last_donation_past_5yr,Years Since Most Recent Donation,0.0012000124743809472,6,False
189,feature_past_5yr_max_donation,Maximum Annual Donation Amount (Past 5 Years),0.0013840147785062447,4,True
189,donor_age,Donor Age,0.0028089620298777027,1,True
189,feature_gender_identity,Gender Identity,0.0021067762867444076,2,True
189,feature_preferred_address_type,Preferred Address Type,0.0016934123093503958,3,True
190,feature_past_5yr_total_donation,Total Donation Amount (Past 5 Years),0.0010870695646197268,7,False
190,feature_past_5yr_average_donation,Average Donation Amount (Past 5 Years),0.0012232924330904734,5,False
190,feature_past_5yr_donation_frequency_rate,Donation Frequency Rate (Past 5 Years),0.0005602053310637979,8,False
190,feature_years_since_last_donation_past_5yr,Years Since Most Recent Donation,0.0011745170041412522,6,False
190,feature_past_5yr_max_donation,Maximum Annual Donation Amount (Past 5 Years),0.001310989122660535,4,True
190,donor_age,Donor Age,0.0027977053250676444,1,True
190,feature_gender_identity,Gender Identity,0.002124939732384689,2,True
190,feature_preferred_address_type,Preferred Address Type,0.0016146512033384903,3,True
191,feature_past_5yr_total_donation,Total Donation Amount (Past 5 Years),0.0010611284123376113,7,False
191,feature_past_5yr_average_donation,Average Donation Amount (Past 5 Years),0.0011756253401054876,6,False
191,feature_past_5yr_donation_frequency_rate,Donation Frequency Rate (Past 5 Years),0.0005681982952192587,8,False
191,feature_years_since_last_donation_past_5yr,Years Since Most Recent Donation,0.0012187140641910627,5,False
191,feature_past_5yr_max_donation,Maximum Annual Donation Amount (Past 5 Years),0.0013074077112871514,4,True
191,donor_age,Donor Age,0.0027748965287244793,1,True
191,feature_gender_identity,Gender Identity,0.0021021533647644394,2,True
191,feature_preferred_address_type,Preferred Address Type,0.0016303541360961121,3,True
192,feature_past_5yr_total_donation,Total Donation Amount (Past 5 Years),0.0011478048481799441,7,False
192,feature_past_5yr_average_donation,Average Donation Amount (Past 5 Years),0.0012846715681853848,5,False
192,feature_past_5yr_donation_frequency_rate,Donation Frequency Rate (Past 5 Years),0.0005474049779733287,8,False
192,feature_years_since_last_donation_past_5yr,Years Since Most Recent Donation,0.0011662372759211957,6,False
192,feature_past_5yr_max_donation,Maximum Annual Donation Amount (Past 5 Years),0.0013484409668675919,4,True
192,donor_age,Donor Age,0.002662367875522761,1,True
192,feature_gender_identity,Gender Identity,0.002125496518974802,2,True
192,feature_preferred_address_type,Preferred Address Type,0.0016044381021591723,3,True
193,feature_past_5yr_total_donation,Total Donation Amount (Past 5 Years),0.0012209293199996825,7,False
193,feature_past_5yr_average_donation,Average Donation Amount (Past 5 Years),0.0013630859551692724,5,False
193,feature_past_5yr_donation_frequency_rate,Donation Frequency Rate (Past 5 Years),0.0005844967660133159,8,False
193,feature_years_since_last_donation_past_5yr,Years Since Most Recent Donation,0.001232837980593409,6,False
193,feature_past_5yr_max_donation,Maximum Annual Donation Amount (Past 5 Years),0.0014732435727272673,4,True
193,donor_age,Donor Age,0.002703824449418252,1,True
193,feature_gender_identity,Gender Identity,0.0021276261025009484,2,True
193,feature_preferred_address_type,Preferred Address Type,0.0016971060078503806,3,True
194,feature_past_5yr_total_donation,Total Donation Amount (Past 5 Years),0.0010928062766153229,7,False
194,feature_past_5yr_average_donation,Average Donation Amount (Past 5 Years),0.0012205450489601868,5,False
194,feature_past_5yr_donation_frequency_rate,Donation Frequency Rate (Past 5 Years),0.0005564567648157851,8,False
194,feature_years_since_last_donation_past_5yr,Years Since Most Recent Donation,0.0011972025135147744,6,False
194,feature_past_5yr_max_donation,Maximum Annual Donation Amount (Past 5 Years),0.0013201185533258265,4,True
194,donor_age,Donor Age,0.0028598325860664177,1,True
194,feature_gender_identity,Gender Identity,0.0021848401972690964,2,True
194,feature_preferred_address_type,Preferred Address Type,0.0016355748302047033,3,True
195,feature_past_5yr_total_donation,Total Donation Amount (Past 5 Years),0.0009477581795661971,7,False
195,feature_past_5yr_average_donation,Average Donation Amount (Past 5 Years),0.001080243103816362,6,False
195,feature_past_5yr_donation_frequency_rate,Donation Frequency Rate (Past 5 Years),0.0005491586092231169,8,False
195,feature_years_since_last_donation_past_5yr,Years Since Most Recent Donation,0.001178418812245248,5,False
195,feature_past_5yr_max_donation,Maximum Annual Donation Amount (Past 5 Years),0.0012207915825131108,4,True
195,donor_age,Donor Age,0.0026635844535885795,1,True
195,feature_gender_identity,Gender Identity,0.0020684074384169538,2,True
195,feature_preferred_address_type,Preferred Address Type,0.0015932346582981315,3,True
196,feature_past_5yr_total_donation,Total Donation Amount (Past 5 Years),0.0011705717936130095,7,False
196,feature_past_5yr_average_donation,Average Donation Amount (Past 5 Years),0.0012904935576642594,5,False
196,feature_past_5yr_donation_frequency_rate,Donation Frequency Rate (Past 5 Years),0.0005640285248780129,8,False
196,feature_years_since_last_donation_past_5yr,Years Since Most Recent Donation,0.0011922848313204665,6,False
196,feature_past_5yr_max_donation,Maximum Annual Donation Amount (Past 5 Years),0.0013558040431181423,4,True
196,donor_age,Donor Age,0.0027842894667946903,1,True
196,feature_gender_identity,Gender Identity,0.0021336860762195256,2,True
196,feature_preferred_address_type,Preferred Address Type,0.001592916740796862,3,True
197,feature_past_5yr_total_donation,Total Donation Amount (Past 5 Years),0.0009990628909741705,7,False
197,feature_past_5yr_average_donation,Average Donation Amount (Past 5 Years),0.0011357349970668507,5,False
197,feature_past_5yr_donation_frequency_rate,Donation Frequency Rate (Past 5 Years),0.0005304416623044139,8,False
197,feature_years_since_last_donation_past_5yr,Years Since Most Recent Donation,0.001131274598854913,6,False
197,feature_past_5yr_max_donation,Maximum Annual Donation Amount (Past 5 Years),0.0012186055993017545,4,True
197,donor_age,Donor Age,0.002720511394599228,1,True
197,feature_gender_identity,Gender Identity,0.002081492847413421,2,True
197,feature_preferred_address_type,Preferred Address Type,0.0015552169990821793,3,True
198,feature_past_5yr_total_donation,Total Donation Amount (Past 5 Years),0.0010700299452459376,7,False
198,feature_past_5yr_average_donation,Average Donation Amount (Past 5 Years),0.0012038111548706254,5,False
198,feature_past_5yr_donation_frequency_rate,Donation Frequency Rate (Past 5 Years),0.0005280009449325538,8,False
198,feature_years_since_last_donation_past_5yr,Years Since Most Recent Donation,0.0011950706024723141,6,False
198,feature_past_5yr_max_donation,Maximum Annual Donation Amount (Past 5 Years),0.0012692583033770402,4,True
198,donor_age,Donor Age,0.002804795855342976,1,True
198,feature_gender_identity,Gender Identity,0.0021002582407939688,2,True
198,feature_preferred_address_type,Preferred Address Type,0.0015778486370416351,3,True
199,feature_past_5yr_total_donation,Total Donation Amount (Past 5 Years),0.000959579400675763,7,False
199,feature_past_5yr_average_donation,Average Donation Amount (Past 5 Years),0.00108713700155874,6,False
199,feature_past_5yr_donation_frequency_rate,Donation Frequency Rate (Past 5 Years),0.0005130674760176766,8,False
199,feature_years_since_last_donation_past_5yr,Years Since Most Recent Donation,0.0011211035060741455,5,False
199,feature_past_5yr_max_donation,Maximum Annual Donation Amount (Past 5 Years),0.0012206759539669508,4,True
199,donor_age,Donor Age,0.0027069122370532665,1,True
199,feature_gender_identity,Gender Identity,0.0021226611746805756,2,True
199,feature_preferred_address_type,Preferred Address Type,0.0016272954383775506,3,True
200,feature_past_5yr_total_donation,Total Donation Amount (Past 5 Years),0.0011358815222302348,7,False
200,feature_past_5yr_average_donation,Average Donation Amount (Past 5 Years),0.0012684393286190787,5,False
200,feature_past_5yr_donation_frequency_rate,Donation Frequency Rate (Past 5 Years),0.0005286080359895608,8,False
200,feature_years_since_last_donation_past_5yr,Years Since Most Recent Donation,0.001209064389209892,6,False
200,feature_past_5yr_max_donation,Maximum Annual Donation Amount (Past 5 Years),0.001379384126995542,4,True
200,donor_age,Donor Age,0.002763655931799143,1,True
200,feature_gender_identity,Gender Identity,0.002118669703520856,2,True
200,feature_preferred_address_type,Preferred Address Type,0.0015720550343817595,3,True
201,feature_past_5yr_total_donation,Total Donation Amount (Past 5 Years),0.0010898846197699395,7,False
201,feature_past_5yr_average_donation,Average Donation Amount (Past 5 Years),0.0012179707348246719,5,False
201,feature_past_5yr_donation_frequency_rate,Donation Frequency Rate (Past 5 Years),0.0005705344233431326,8,False
201,feature_years_since_last_donation_past_5yr,Years Since Most Recent Donation,0.0011795583065753918,6,False
201,feature_past_5yr_max_donation,Maximum Annual Donation Amount (Past 5 Years),0.0013239964105341566,4,True
201,donor_age,Donor Age,0.0028024335187431305,1,True
201,feature_gender_identity,Gender Identity,0.0021185513036344975,2,True
201,feature_preferred_address_type,Preferred Address Type,0.0016249505050842665,3,True
202,feature_past_5yr_total_donation,Total Donation Amount (Past 5 Years),0.0011513038530949397,7,False
202,feature_past_5yr_average_donation,Average Donation Amount (Past 5 Years),0.0012911015765844156,5,False
202,feature_past_5yr_donation_frequency_rate,Donation Frequency Rate (Past 5 Years),0.0005514937303404383,8,False
202,feature_years_since_last_donation_past_5yr,Years Since Most Recent Donation,0.0011990564062795727,6,False
202,feature_past_5yr_max_donation,Maximum Annual Donation Amount (Past 5 Years),0.001353851975460398,4,True
202,donor_age,Donor Age,0.002701389756250684,1,True
202,feature_gender_identity,Gender Identity,0.0020859367032458015,2,True
202,feature_preferred_address_type,Preferred Address Type,0.0015480173566715448,3,True
203,feature_past_5yr_total_donation,Total Donation Amount (Past 5 Years),0.0011138699313728586,7,False
203,feature_past_5yr_average_donation,Average Donation Amount (Past 5 Years),0.0012454602661315995,5,False
203,feature_past_5yr_donation_frequency_rate,Donation Frequency Rate (Past 5 Years),0.0005692147217662952,8,False
203,feature_years_since_last_donation_past_5yr,Years Since Most Recent Donation,0.0012190505070854623,6,False
203,feature_past_5yr_max_donation,Maximum Annual Donation Amount (Past 5 Years),0.001357705000930126,4,True
203,donor_age,Donor Age,0.002728608019474379,1,True
203,feature_gender_identity,Gender Identity,0.0021093213777980853,2,True
203,feature_preferred_address_type,Preferred Address Type,0.0015649374155081712,3,True
204,feature_past_5yr_total_donation,Total Donation Amount (Past 5 Years),0.0009528632231919017,7,False
204,feature_past_5yr_average_donation,Average Donation Amount (Past 5 Years),0.0010989186828279727,6,False
204,feature_past_5yr_donation_frequency_rate,Donation Frequency Rate (Past 5 Years),0.0005757209287049522,8,False
204,feature_years_since_last_donation_past_5yr,Years Since Most Recent Donation,0.0012086463490200352,4,True
204,feature_past_5yr_max_donation,Maximum Annual Donation Amount (Past 5 Years),0.001203269242634886,5,False
204,donor_age,Donor Age,0.002834015895748196,1,True
204,feature_gender_identity,Gender Identity,0.0021548350751243923,2,True
204,feature_preferred_address_type,Preferred Address Type,0.0016571447056842525,3,True
205,feature_past_5yr_total_donation,Total Donation Amount (Past 5 Years),0.0011604066560760384,7,False
205,feature_past_5yr_average_donation,Average Donation Amount (Past 5 Years),0.001298185353935943,5,False
205,feature_past_5yr_donation_frequency_rate,Donation Frequency Rate (Past 5 Years),0.0005573541346505825,8,False
205,feature_years_since_last_donation_past_5yr,Years Since Most Recent Donation,0.0012411758627261778,6,False
205,feature_past_5yr_max_donation,Maximum Annual Donation Amount (Past 5 Years),0.0013662856818108275,4,True
205,donor_age,Donor Age,0.0026248715845696557,1,True
205,feature_gender_identity,Gender Identity,0.002114759307702287,2,True
205,feature_preferred_address_type,Preferred Address Type,0.001606620316062952,3,True
206,feature_past_5yr_total_donation,Total Donation Amount (Past 5 Years),0.0011631292557045126,7,False
206,feature_past_5yr_average_donation,Average Donation Amount (Past 5 Years),0.0012889641236710004,5,False
206,feature_past_5yr_donation_frequency_rate,Donation Frequency Rate (Past 5 Years),0.0005600743184401539,8,False
206,feature_years_since_last_donation_past_5yr,Years Since Most Recent Donation,0.0011723265394953976,6,False
206,feature_past_5yr_max_donation,Maximum Annual Donation Amount (Past 5 Years),0.0013519056131762537,4,True
206,donor_age,Donor Age,0.0026573397320627263,1,True
206,feature_gender_identity,Gender Identity,0.0021561542767875104,2,True
206,feature_preferred_address_type,Preferred Address Type,0.0016149232449361984,3,True
207,feature_past_5yr_total_donation,Total Donation Amount (Past 5 Years),0.001020275000915554,7,False
207,feature_past_5yr_average_donation,Average Donation Amount (Past 5 Years),0.00116066182887721,5,False
207,feature_past_5yr_donation_frequency_rate,Donation Frequency Rate (Past 5 Years),0.0005553610868686102,8,False
207,feature_years_since_last_donation_past_5yr,Years Since Most Recent Donation,0.0011520404843890868,6,False
207,feature_past_5yr_max_donation,Maximum Annual Donation Amount (Past 5 Years),0.0012794475696909998,4,True
207,donor_age,Donor Age,0.0027440566372528056,1,True
207,feature_gender_identity,Gender Identity,0.0020916784676522394,2,True
207,feature_preferred_address_type,Preferred Address Type,0.0016115787619820068,3,True
208,feature_past_5yr_total_donation,Total Donation Amount (Past 5 Years),0.0011753662511236698,7,False
208,feature_past_5yr_average_donation,Average Donation Amount (Past 5 Years),0.001304286506797087,5,False
208,feature_past_5yr_donation_frequency_rate,Donation Frequency Rate (Past 5 Years),0.0005542103007489456,8,False
208,feature_years_since_last_donation_past_5yr,Years Since Most Recent Donation,0.001207665331081767,6,False
208,feature_past_5yr_max_donation,Maximum Annual Donation Amount (Past 5 Years),0.0013935612606848246,4,True
208,donor_age,Donor Age,0.0027258541063451343,1,True
208,feature_gender_identity,Gender Identity,0.0020698929264125207,2,True
208,feature_preferred_address_type,Preferred Address Type,0.0015975262713805907,3,True
209,feature_past_5yr_total_donation,Total Donation Amount (Past 5 Years),0.001096045359045781,7,False
209,feature_past_5yr_average_donation,Average Donation Amount (Past 5 Years),0.0012226367049238958,5,False
209,feature_past_5yr_donation_frequency_rate,Donation Frequency Rate (Past 5 Years),0.0005574979330275912,8,False
209,feature_years_since_last_donation_past_5yr,Years Since Most Recent Donation,0.0011560066302798429,6,False
209,feature_past_5yr_max_donation,Maximum Annual Donation Amount (Past 5 Years),0.0013282674846773219,4,True
209,donor_age,Donor Age,0.002706646183456627,1,True
209,feature_gender_identity,Gender Identity,0.002110593179147331,2,True
209,feature_preferred_address_type,Preferred Address Type,0.0015778297853224624,3,True
210,feature_past_5yr_total_donation,Total Donation Amount (Past 5 Years),0.0010945321846221464,7,False
210,feature_past_5yr_average_donation,Average Donation Amount (Past 5 Years),0.0012223808583656105,5,False
210,feature_past_5yr_donation_frequency_rate,Donation Frequency Rate (Past 5 Years),0.000537983779639968,8,False
210,feature_years_since_last_donation_past_5yr,Years Since Most Recent Donation,0.0012160915007782365,6,False
210,feature_past_5yr_max_donation,Maximum Annual Donation Amount (Past 5 Years),0.001304153211548036,4,True
210,donor_age,Donor Age,0.002725550153653161,1,True
210,feature_gender_identity,Gender Identity,0.002087807345369512,2,True
210,feature_preferred_address_type,Preferred Address Type,0.0016234851554640197,3,True
211,feature_past_5yr_total_donation,Total Donation Amount (Past 5 Years),0.000994716310615661,7,False
211,feature_past_5yr_average_donation,Average Donation Amount (Past 5 Years),0.0011403571524722387,6,False
211,feature_past_5yr_donation_frequency_rate,Donation Frequency Rate (Past 5 Years),0.0005635182672390158,8,False
211,feature_years_since_last_donation_past_5yr,Years Since Most Recent Donation,0.0011687684868972096,5,False
211,feature_past_5yr_max_donation,Maximum Annual Donation Amount (Past 5 Years),0.001255154601984176,4,True
211,donor_age,Donor Age,0.0027450886831361446,1,True
211,feature_gender_identity,Gender Identity,0.0020798117601760783,2,True
211,feature_preferred_address_type,Preferred Address Type,0.0016026728716631432,3,True
212,feature_past_5yr_total_donation,Total Donation Amount (Past 5 Years),0.0011674496478626163,7,False
212,feature_past_5yr_average_donation,Average Donation Amount (Past 5 Years),0.001288684862071497,5,False
212,feature_past_5yr_donation_frequency_rate,Donation Frequency Rate (Past 5 Years),0.000561900445666715,8,False
212,feature_years_since_last_donation_past_5yr,Years Since Most Recent Donation,0.0012140459183637316,6,False
212,feature_past_5yr_max_donation,Maximum Annual Donation Amount (Past 5 Years),0.001376584805757783,4,True
212,donor_age,Donor Age,0.0028056731287563735,1,True
212,feature_gender_identity,Gender Identity,0.0021286837934437557,2,True
212,feature_preferred_address_type,Preferred Address Type,0.0016419779104284063,3,True
213,feature_past_5yr_total_donation,Total Donation Amount (Past 5 Years),0.0011493633371824422,7,False
213,feature_past_5yr_average_donation,Average Donation Amount (Past 5 Years),0.0012918104242985733,5,False
213,feature_past_5yr_donation_frequency_rate,Donation Frequency Rate (Past 5 Years),0.0005668601095284355,8,False
213,feature_years_since_last_donation_past_5yr,Years Since Most Recent Donation,0.001227143887185393,6,False
213,feature_past_5yr_max_donation,Maximum Annual Donation Amount (Past 5 Years),0.0014092228411996463,4,True
213,donor_age,Donor Age,0.0027907413383072384,1,True
213,feature_gender_identity,Gender Identity,0.002141059807549498,2,True
213,feature_preferred_address_type,Preferred Address Type,0.0016215335706458662,3,True
214,feature_past_5yr_total_donation,Total Donation Amount (Past 5 Years),0.001062262363168602,7,False
214,feature_past_5yr_average_donation,Average Donation Amount (Past 5 Years),0.0011793491004426543,5,False
214,feature_past_5yr_donation_frequency_rate,Donation Frequency Rate (Past 5 Years),0.0005384658871487655,8,False
214,feature_years_since_last_donation_past_5yr,Years Since Most Recent Donation,0.0011332581096098,6,False
214,feature_past_5yr_max_donation,Maximum Annual Donation Amount (Past 5 Years),0.0012890482319764674,4,True
214,donor_age,Donor Age,0.002677438862873326,1,True
214,feature_gender_identity,Gender Identity,0.0020981932438817155,2,True
214,feature_preferred_address_type,Preferred Address Type,0.0016260360942166178,3,True
215,feature_past_5yr_total_donation,Total Donation Amount (Past 5 Years),0.0009558671018862359,7,False
215,feature_past_5yr_average_donation,Average Donation Amount (Past 5 Years),0.0010832510897500597,6,False
215,feature_past_5yr_donation_frequency_rate,Donation Frequency Rate (Past 5 Years),0.0005515383774921267,8,False
215,feature_years_since_last_donation_past_5yr,Years Since Most Recent Donation,0.001181268919874549,5,False
215,feature_past_5yr_max_donation,Maximum Annual Donation Amount (Past 5 Years),0.001205338167872263,4,True
215,donor_age,Donor Age,0.002729980017379954,1,True
215,feature_gender_identity,Gender Identity,0.0020933412002536226,2,True
215,feature_preferred_address_type,Preferred Address Type,0.0016133202732862566,3,True
216,feature_past_5yr_total_donation,Total Donation Amount (Past 5 Years),0.0010740257682321601,7,False
216,feature_past_5yr_average_donation,Average Donation Amount (Past 5 Years),0.0012136122465164721,5,False
216,feature_past_5yr_donation_frequency_rate,Donation Frequency Rate (Past 5 Years),0.0005693066319679105,8,False
216,feature_years_since_last_donation_past_5yr,Years Since Most Recent Donation,0.0012043198690008387,6,False
216,feature_past_5yr_max_donation,Maximum Annual Donation Amount (Past 5 Years),0.0013337827810957006,4,True
216,donor_age,Donor Age,0.00278223077763019,1,True
216,feature_gender_identity,Gender Identity,0.002172255539971523,2,True
216,feature_preferred_address_type,Preferred Address Type,0.001587868904954589,3,True
217,feature_past_5yr_total_donation,Total Donation Amount (Past 5 Years),0.0010437050616153706,7,False
217,feature_past_5yr_average_donation,Average Donation Amount (Past 5 Years),0.001158308842851271,5,False
217,feature_past_5yr_donation_frequency_rate,Donation Frequency Rate (Past 5 Years),0.0005443396569293447,8,False
217,feature_years_since_last_donation_past_5yr,Years Since Most Recent Donation,0.0011458960307408233,6,False
217,feature_past_5yr_max_donation,Maximum Annual Donation Amount (Past 5 Years),0.0012569464182422667,4,True
217,donor_age,Donor Age,0.002679070306837534,1,True
217,feature_gender_identity,Gender Identity,0.002064259377267657,2,True
217,feature_preferred_address_type,Preferred Address Type,0.00158398706336566,3,True
218,feature_past_5yr_total_donation,Total Donation Amount (Past 5 Years),0.0009759747807676507,7,False
218,feature_past_5yr_average_donation,Average Donation Amount (Past 5 Years),0.0011059423980103776,6,False
218,feature_past_5yr_donation_frequency_rate,Donation Frequency Rate (Past 5 Years),0.0005315968204785683,8,False
218,feature_years_since_last_donation_past_5yr,Years Since Most Recent Donation,0.0011865334512101205,5,False
218,feature_past_5yr_max_donation,Maximum Annual Donation Amount (Past 5 Years),0.0012351172979532506,4,True
218,donor_age,Donor Age,0.002573765933466499,1,True
218,feature_gender_identity,Gender Identity,0.002074878783192047,2,True
218,feature_preferred_address_type,Preferred Address Type,0.0015666273688473497,3,True
219,feature_past_5yr_total_donation,Total Donation Amount (Past 5 Years),0.0010421439520932395,7,False
219,feature_past_5yr_average_donation,Average Donation Amount (Past 5 Years),0.001158285979486875,6,False
219,feature_past_5yr_donation_frequency_rate,Donation Frequency Rate (Past 5 Years),0.0005664839301826023,8,False
219,feature_years_since_last_donation_past_5yr,Years Since Most Recent Donation,0.0012334164099549532,5,False
219,feature_past_5yr_max_donation,Maximum Annual Donation Amount (Past 5 Years),0.0012735122235957594,4,True
219,donor_age,Donor Age,0.0026276268966047354,1,True
219,feature_gender_identity,Gender Identity,0.0021158760673516287,2,True
219,feature_preferred_address_type,Preferred Address Type,0.0016256697111826687,3,True
220,feature_past_5yr_total_donation,Total Donation Amount (Past 5 Years),0.0009558518806761547,7,False
220,feature_past_5yr_average_donation,Average Donation Amount (Past 5 Years),0.001093481219927765,6,False
220,feature_past_5yr_donation_frequency_rate,Donation Frequency Rate (Past 5 Years),0.0005414569053531188,8,False
220,feature_years_since_last_donation_past_5yr,Years Since Most Recent Donation,0.001153700617890236,5,False
220,feature_past_5yr_max_donation,Maximum Annual Donation Amount (Past 5 Years),0.0012029903709006242,4,True
220,donor_age,Donor Age,0.0025684937418071502,1,True
220,feature_gender_identity,Gender Identity,0.002094687053591192,2,True
220,feature_preferred_address_type,Preferred Address Type,0.001599017992983352,3,True
221,feature_past_5yr_total_donation,Total Donation Amount (Past 5 Years),0.0011755958033791516,7,False
221,feature_past_5yr_average_donation,Average Donation Amount (Past 5 Years),0.0013130314831602174,5,False
221,feature_past_5yr_donation_frequency_rate,Donation Frequency Rate (Past 5 Years),0.0005507596004732979,8,False
221,feature_years_since_last_donation_past_5yr,Years Since Most Recent Donation,0.0011779969651021273,6,False
221,feature_past_5yr_max_donation,Maximum Annual Donation Amount (Past 5 Years),0.0013450589955066935,4,True
221,donor_age,Donor Age,0.002801241068828964,1,True
221,feature_gender_identity,Gender Identity,0.002153022091416526,2,True
221,feature_preferred_address_type,Preferred Address Type,0.0016202254178171898,3,True
222,feature_past_5yr_total_donation,Total Donation Amount (Past 5 Years),0.0009656295169261164,7,False
222,feature_past_5yr_average_donation,Average Donation Amount (Past 5 Years),0.0011069675244658082,6,False
222,feature_past_5yr_donation_frequency_rate,Donation Frequency Rate (Past 5 Years),0.0005323898232512428,8,False
222,feature_years_since_last_donation_past_5yr,Years Since Most Recent Donation,0.001176111819603365,5,False
222,feature_past_5yr_max_donation,Maximum Annual Donation Amount (Past 5 Years),0.0012357263939941092,4,True
222,donor_age,Donor Age,0.0026122110569255026,1,True
222,feature_gender_identity,Gender Identity,0.0020405128793790092,2,True
222,feature_preferred_address_type,Preferred Address Type,0.0015471347793693942,3,True
223,feature_past_5yr_total_donation,Total Donation Amount (Past 5 Years),0.0011158163024843524,7,False
223,feature_past_5yr_average_donation,Average Donation Amount (Past 5 Years),0.0012528385418601065,5,False
223,feature_past_5yr_donation_frequency_rate,Donation Frequency Rate (Past 5 Years),0.0005698216331715585,8,False
223,feature_years_since_last_donation_past_5yr,Years Since Most Recent Donation,0.0012066718265359242,6,False
223,feature_past_5yr_max_donation,Maximum Annual Donation Amount (Past 5 Years),0.0013134464167556636,4,True
223,donor_age,Donor Age,0.002709608028278362,1,True
223,feature_gender_identity,Gender Identity,0.002120284412215541,2,True
223,feature_preferred_address_type,Preferred Address Type,0.0016224722966696264,3,True
224,feature_past_5yr_total_donation,Total Donation Amount (Past 5 Years),0.000993292419323141,7,False
224,feature_past_5yr_average_donation,Average Donation Amount (Past 5 Years),0.0011358772388640756,6,False
224,feature_past_5yr_donation_frequency_rate,Donation Frequency Rate (Past 5 Years),0.0005516829212324113,8,False
224,feature_years_since_last_donation_past_5yr,Years Since Most Recent Donation,0.001172714526961208,5,False
224,feature_past_5yr_max_donation,Maximum Annual Donation Amount (Past 5 Years),0.001267826395300567,4,True
224,donor_age,Donor Age,0.0026924023089064664,1,True
224,feature_gender_identity,Gender Identity,0.00208965251096224,2,True
224,feature_preferred_address_type,Preferred Address Type,0.0015695775229961882,3,True
225,feature_past_5yr_total_donation,Total Donation Amount (Past 5 Years),0.0012959597820162863,6,False
225,feature_past_5yr_average_donation,Average Donation Amount (Past 5 Years),0.0014070764691063455,5,False
225,feature_past_5yr_donation_frequency_rate,Donation Frequency Rate (Past 5 Years),0.0005474540446453441,8,False
225,feature_years_since_last_donation_past_5yr,Years Since Most Recent Donation,0.0012056614486326417,7,False
225,feature_past_5yr_max_donation,Maximum Annual Donation Amount (Past 5 Years),0.0014584788339475612,4,True
225,donor_age,Donor Age,0.0026857617196666735,1,True
225,feature_gender_identity,Gender Identity,0.0021271014814781184,2,True
225,feature_preferred_address_type,Preferred Address Type,0.0016027537902712655,3,True
226,feature_past_5yr_total_donation,Total Donation Amount (Past 5 Years),0.0009825106805636033,7,False
226,feature_past_5yr_average_donation,Average Donation Amount (Past 5 Years),0.0011169949938812994,6,False
226,feature_past_5yr_donation_frequency_rate,Donation Frequency Rate (Past 5 Years),0.0005517115091888406,8,False
226,feature_years_since_last_donation_past_5yr,Years Since Most Recent Donation,0.0011967138240998574,5,False
226,feature_past_5yr_max_donation,Maximum Annual Donation Amount (Past 5 Years),0.0012506716133690976,4,True
226,donor_age,Donor Age,0.002629883726662777,1,True
226,feature_gender_identity,Gender Identity,0.0021421130013810847,2,True
226,feature_preferred_address_type,Preferred Address Type,0.0016033877923780698,3,True
227,feature_past_5yr_total_donation,Total Donation Amount (Past 5 Years),0.001081736682934194,7,False
227,feature_past_5yr_average_donation,Average Donation Amount (Past 5 Years),0.0012045618352498882,5,False
227,feature_past_5yr_donation_frequency_rate,Donation Frequency Rate (Past 5 Years),0.0005504231396329294,8,False
227,feature_years_since_last_donation_past_5yr,Years Since Most Recent Donation,0.0011753444279488045,6,False
227,feature_past_5yr_max_donation,Maximum Annual Donation Amount (Past 5 Years),0.0013530044433961031,4,True
227,donor_age,Donor Age,0.002617101734703027,1,True
227,feature_gender_identity,Gender Identity,0.0020961856097712014,2,True
227,feature_preferred_address_type,Preferred Address Type,0.0015881570625116044,3,True
228,feature_past_5yr_total_donation,Total Donation Amount (Past 5 Years),0.0010633108576059698,7,False
228,feature_past_5yr_average_donation,Average Donation Amount (Past 5 Years),0.0011903179267058297,5,False
228,feature_past_5yr_donation_frequency_rate,Donation Frequency Rate (Past 5 Years),0.0005430528399032101,8,False
228,feature_years_since_last_donation_past_5yr,Years Since Most Recent Donation,0.0011634299995153421,6,False
228,feature_past_5yr_max_donation,Maximum Annual Donation Amount (Past 5 Years),0.001286726776309394,4,True
228,donor_age,Donor Age,0.002723638324383611,1,True
228,feature_gender_identity,Gender Identity,0.002128398341668116,2,True
228,feature_preferred_address_type,Preferred Address Type,0.0015816387004065709,3,True
229,feature_past_5yr_total_donation,Total Donation Amount (Past 5 Years),0.0011126275730001286,7,False
229,feature_past_5yr_average_donation,Average Donation Amount (Past 5 Years),0.0012327364981620228,5,False
229,feature_past_5yr_donation_frequency_rate,Donation Frequency Rate (Past 5 Years),0.0005522949522799066,8,False
229,feature_years_since_last_donation_past_5yr,Years Since Most Recent Donation,0.001181544139214227,6,False
229,feature_past_5yr_max_donation,Maximum Annual Donation Amount (Past 5 Years),0.0013239666224445002,4,True
229,donor_age,Donor Age,0.002699850598126304,1,True
229,feature_gender_identity,Gender Identity,0.0020550807325528412,2,True
229,feature_preferred_address_type,Preferred Address Type,0.001540528049313389,3,True
230,feature_past_5yr_total_donation,Total Donation Amount (Past 5 Years),0.0010130138624296354,7,False
230,feature_past_5yr_average_donation,Average Donation Amount (Past 5 Years),0.0011554378033357363,5,False
230,feature_past_5yr_donation_frequency_rate,Donation Frequency Rate (Past 5 Years),0.000521100152115837,8,False
230,feature_years_since_last_donation_past_5yr,Years Since Most Recent Donation,0.0011490684092824409,6,False
230,feature_past_5yr_max_donation,Maximum Annual Donation Amount (Past 5 Years),0.0012637185852936528,4,True
230,donor_age,Donor Age,0.0028580407373527844,1,True
230,feature_gender_identity,Gender Identity,0.0021051466498052183,2,True
230,feature_preferred_address_type,Preferred Address Type,0.0016383756098518377,3,True
231,feature_past_5yr_total_donation,Total Donation Amount (Past 5 Years),0.001018984450144371,7,False
231,feature_past_5yr_average_donation,Average Donation Amount (Past 5 Years),0.0011399607202502112,6,False
231,feature_past_5yr_donation_frequency_rate,Donation Frequency Rate (Past 5 Years),0.0005432707571256567,8,False
231,feature_years_since_last_donation_past_5yr,Years Since Most Recent Donation,0.0011894998229524001,5,False
231,feature_past_5yr_max_donation,Maximum Annual Donation Amount (Past 5 Years),0.0012529656306521709,4,True
231,donor_age,Donor Age,0.002861993577010649,1,True
231,feature_gender_identity,Gender Identity,0.0021292015662291545,2,True
231,feature_preferred_address_type,Preferred Address Type,0.0016240625602458238,3,True
232,feature_past_5yr_total_donation,Total Donation Amount (Past 5 Years),0.0011355306431381764,7,False
232,feature_past_5yr_average_donation,Average Donation Amount (Past 5 Years),0.0012703641086973683,5,False
232,feature_past_5yr_donation_frequency_rate,Donation Frequency Rate (Past 5 Years),0.0005580570799382631,8,False
232,feature_years_since_last_donation_past_5yr,Years Since Most Recent Donation,0.0011694356469051923,6,False
232,feature_past_5yr_max_donation,Maximum Annual Donation Amount (Past 5 Years),0.0013345786232704273,4,True
232,donor_age,Donor Age,0.002694026558529216,1,True
232,feature_gender_identity,Gender Identity,0.0020691457241345692,2,True
232,feature_preferred_address_type,Preferred Address Type,0.0015538307544228484,3,True
233,feature_past_5yr_total_donation,Total Donation Amount (Past 5 Years),0.001141898235475836,7,False
233,feature_past_5yr_average_donation,Average Donation Amount (Past 5 Years),0.001280647384482424,5,False
233,feature_past_5yr_donation_frequency_rate,Donation Frequency Rate (Past 5 Years),0.0005679554301707387,8,False
233,feature_years_since_last_donation_past_5yr,Years Since Most Recent Donation,0.001209514464326747,6,False
233,feature_past_5yr_max_donation,Maximum Annual Donation Amount (Past 5 Years),0.0013472152387750721,4,True
233,donor_age,Donor Age,0.0025838726247002027,1,True
233,feature_gender_identity,Gender Identity,0.002083408893652902,2,True
233,feature_preferred_address_type,Preferred Address Type,0.0015830542346552054,3,True
234,feature_past_5yr_total_donation,Total Donation Amount (Past 5 Years),0.0011179278953895176,7,False
234,feature_past_5yr_average_donation,Average Donation Amount (Past 5 Years),0.0012381740064638632,5,False
234,feature_past_5yr_donation_frequency_rate,Donation Frequency Rate (Past 5 Years),0.0005442354217309203,8,False
234,feature_years_since_last_donation_past_5yr,Years Since Most Recent Donation,0.0011943886445690503,6,False
234,feature_past_5yr_max_donation,Maximum Annual Donation Amount (Past 5 Years),0.0013070872827166857,4,True
234,donor_age,Donor Age,0.0028087586164341908,1,True
234,feature_gender_identity,Gender Identity,0.002170926592965464,2,True
234,feature_preferred_address_type,Preferred Address Type,0.0016371477145154475,3,True
235,feature_past_5yr_total_donation,Total Donation Amount (Past 5 Years),0.0010745824030525995,7,False
235,feature_past_5yr_average_donation,Average Donation Amount (Past 5 Years),0.0011998370037097925,5,False
235,feature_past_5yr_donation_frequency_rate,Donation Frequency Rate (Past 5 Years),0.0005639868824815603,8,False
235,feature_years_since_last_donation_past_5yr,Years Since Most Recent Donation,0.001195721619913464,6,False
235,feature_past_5yr_max_donation,Maximum Annual Donation Amount (Past 5 Years),0.0012870026099438075,4,True
235,donor_age,Donor Age,0.0027450192819377215,1,True
235,feature_gender_identity,Gender Identity,0.0021182740410377833,2,True
235,feature_preferred_address_type,Preferred Address Type,0.001578338990747713,3,True
236,feature_past_5yr_total_donation,Total Donation Amount (Past 5 Years),0.001129246702928864,7,False
236,feature_past_5yr_average_donation,Average Donation Amount (Past 5 Years),0.0012704472160113898,5,False
236,feature_past_5yr_donation_frequency_rate,Donation Frequency Rate (Past 5 Years),0.0005604875332175395,8,False
236,feature_years_since_last_donation_past_5yr,Years Since Most Recent Donation,0.0012136783991022195,6,False
236,feature_past_5yr_max_donation,Maximum Annual Donation Amount (Past 5 Years),0.0013393919785573952,4,True
236,donor_age,Donor Age,0.0026198454556252584,1,True
236,feature_gender_identity,Gender Identity,0.002092351653786615,2,True
236,feature_preferred_address_type,Preferred Address Type,0.0015835639812050225,3,True
237,feature_past_5yr_total_donation,Total Donation Amount (Past 5 Years),0.0009604967855029595,7,False
237,feature_past_5yr_average_donation,Average Donation Amount (Past 5 Years),0.0010811453234493055,6,False
237,feature_past_5yr_donation_frequency_rate,Donation Frequency Rate (Past 5 Years),0.0005192331121060762,8,False
237,feature_years_since_last_donation_past_5yr,Years Since Most Recent Donation,0.0011079553868127653,5,False
237,feature_past_5yr_max_donation,Maximum Annual Donation Amount (Past 5 Years),0.001203689817388312,4,True
237,donor_age,Donor Age,0.0027721118975631066,1,True
237,feature_gender_identity,Gender Identity,0.0021110258545092866,2,True
237,feature_preferred_address_type,Preferred Address Type,0.0016014723016875975,3,True
238,feature_past_5yr_total_donation,Total Donation Amount (Past 5 Years),0.001106720193653043,7,False
238,feature_past_5yr_average_donation,Average Donation Amount (Past 5 Years),0.0012352813284876281,5,False
238,feature_past_5yr_donation_frequency_rate,Donation Frequency Rate (Past 5 Years),0.0005514119407917288,8,False
238,feature_years_since_last_donation_past_5yr,Years Since Most Recent Donation,0.0012084271492025787,6,False
238,feature_past_5yr_max_donation,Maximum Annual Donation Amount (Past 5 Years),0.0012650766397179984,4,True
238,donor_age,Donor Age,0.0028188927759767372,1,True
238,feature_gender_identity,Gender Identity,0.002164769028397115,2,True
238,feature_preferred_address_type,Preferred Address Type,0.001580462127349566,3,True
239,feature_past_5yr_total_donation,Total Donation Amount (Past 5 Years),0.0011638039922027504,7,False
239,feature_past_5yr_average_donation,Average Donation Amount (Past 5 Years),0.001300117634000391,5,False
239,feature_past_5yr_donation_frequency_rate,Donation Frequency Rate (Past 5 Years),0.0005631596565119839,8,False
239,feature_years_since_last_donation_past_5yr,Years Since Most Recent Donation,0.001176611979591305,6,False
239,feature_past_5yr_max_donation,Maximum Annual Donation Amount (Past 5 Years),0.0013697193213887363,4,True
239,donor_age,Donor Age,0.002627584281670152,1,True
239,feature_gender_identity,Gender Identity,0.0021271588893198388,2,True
239,feature_preferred_address_type,Preferred Address Type,0.0016391998438724483,3,True
240,feature_past_5yr_total_donation,Total Donation Amount (Past 5 Years),0.0011100716789958418,7,False
240,feature_past_5yr_average_donation,Average Donation Amount (Past 5 Years),0.0012260761512249943,5,False
240,feature_past_5yr_donation_frequency_rate,Donation Frequency Rate (Past 5 Years),0.0005689852521386385,8,False
240,feature_years_since_last_donation_past_5yr,Years Since Most Recent Donation,0.001210698047356047,6,False
240,feature_past_5yr_max_donation,Maximum Annual Donation Amount (Past 5 Years),0.0013209710453173386,4,True
240,donor_age,Donor Age,0.0027198708856253613,1,True
240,feature_gender_identity,Gender Identity,0.002122957680527741,2,True
240,feature_preferred_address_type,Preferred Address Type,0.0016259041780421295,3,True
241,feature_past_5yr_total_donation,Total Donation Amount (Past 5 Years),0.0011608541593027591,7,False
241,feature_past_5yr_average_donation,Average Donation Amount (Past 5 Years),0.001299602978154201,5,False
241,feature_past_5yr_donation_frequency_rate,Donation Frequency Rate (Past 5 Years),0.0005351547689821848,8,False
241,feature_years_since_last_donation_past_5yr,Years Since Most Recent Donation,0.0011624634087676576,6,False
241,feature_past_5yr_max_donation,Maximum Annual Donation Amount (Past 5 Years),0.0013288670713823404,4,True
241,donor_age,Donor Age,0.0027635374276581896,1,True
241,feature_gender_identity,Gender Identity,0.002084934532007649,2,True
241,feature_preferred_address_type,Preferred Address Type,0.0015905769602911105,3,True
242,feature_past_5yr_total_donation,Total Donation Amount (Past 5 Years),0.0010281625810752127,7,False
242,feature_past_5yr_average_donation,Average Donation Amount (Past 5 Years),0.0011434320659906552,6,False
242,feature_past_5yr_donation_frequency_rate,Donation Frequency Rate (Past 5 Years),0.0005474107353917753,8,False
242,feature_years_since_last_donation_past_5yr,Years Since Most Recent Donation,0.0011733049748128546,5,False
242,feature_past_5yr_max_donation,Maximum Annual Donation Amount (Past 5 Years),0.0012753966566537726,4,True
242,donor_age,Donor Age,0.002674207314572267,1,True
242,feature_gender_identity,Gender Identity,0.002084881570233498,2,True
242,feature_preferred_address_type,Preferred Address Type,0.0015933598112288004,3,True
243,feature_past_5yr_total_donation,Total Donation Amount (Past 5 Years),0.0011273365011262105,7,False
243,feature_past_5yr_average_donation,Average Donation Amount (Past 5 Years),0.0012525418847134284,5,False
243,feature_past_5yr_donation_frequency_rate,Donation Frequency Rate (Past 5 Years),0.0005721371007003073,8,False
243,feature_years_since_last_donation_past_5yr,Years Since Most Recent Donation,0.0011956899494379098,6,False
243,feature_past_5yr_max_donation,Maximum Annual Donation Amount (Past 5 Years),0.0013866634728722795,4,True
243,donor_age,Donor Age,0.002686190515260901,1,True
243,feature_gender_identity,Gender Identity,0.0021414630440412196,2,True
243,feature_preferred_address_type,Preferred Address Type,0.0016039520871543157,3,True
244,feature_past_5yr_total_donation,Total Donation Amount (Past 5 Years),0.0010923516168691691,7,False
244,feature_past_5yr_average_donation,Average Donation Amount (Past 5 Years),0.0012260888964570487,5,False
244,feature_past_5yr_donation_frequency_rate,Donation Frequency Rate (Past 5 Years),0.0005515439945967456,8,False
244,feature_years_since_last_donation_past_5yr,Years Since Most Recent Donation,0.0012185783667665521,6,False
244,feature_past_5yr_max_donation,Maximum Annual Donation Amount (Past 5 Years),0.0013165367214832688,4,True
244,donor_age,Donor Age,0.0026736038246826755,1,True
244,feature_gender_identity,Gender Identity,0.0021122422616410667,2,True
244,feature_preferred_address_type,Preferred Address Type,0.001597140218096899,3,True
245,feature_past_5yr_total_donation,Total Donation Amount (Past 5 Years),0.001086223372737828,7,False
245,feature_past_5yr_average_donation,Average Donation Amount (Past 5 Years),0.0012089003293721087,5,False
245,feature_past_5yr_donation_frequency_rate,Donation Frequency Rate (Past 5 Years),0.0005647838743176201,8,False
245,feature_years_since_last_donation_past_5yr,Years Since Most Recent Donation,0.0011626280262643973,6,False
245,feature_past_5yr_max_donation,Maximum Annual Donation Amount (Past 5 Years),0.0013031781380658002,4,True
245,donor_age,Donor Age,0.0026026215886924644,1,True
245,feature_gender_identity,Gender Identity,0.002119660647762577,2,True
245,feature_preferred_address_type,Preferred Address Type,0.0015871062544833155,3,True
246,feature_past_5yr_total_donation,Total Donation Amount (Past 5 Years),0.0013056402797529299,6,False
246,feature_past_5yr_average_donation,Average Donation Amount (Past 5 Years),0.0014171170514334698,5,False
246,feature_past_5yr_donation_frequency_rate,Donation Frequency Rate (Past 5 Years),0.0005544935303091203,8,False
246,feature_years_since_last_donation_past_5yr,Years Since Most Recent Donation,0.0012024363134279345,7,False
246,feature_past_5yr_max_donation,Maximum Annual Donation Amount (Past 5 Years),0.0014794698173329227,4,True
246,donor_age,Donor Age,0.002790455034933774,1,True
246,feature_gender_identity,Gender Identity,0.002185569383182103,2,True
246,feature_preferred_address_type,Preferred Address Type,0.0016003593673407973,3,True
247,feature_past_5yr_total_donation,Total Donation Amount (Past 5 Years),0.0011216162249999475,7,False
247,feature_past_5yr_average_donation,Average Donation Amount (Past 5 Years),0.0012763955931753962,5,False
247,feature_past_5yr_donation_frequency_rate,Donation Frequency Rate (Past 5 Years),0.0005526061296059244,8,False
247,feature_years_since_last_donation_past_5yr,Years Since Most Recent Donation,0.0012402313888923825,6,False
247,feature_past_5yr_max_donation,Maximum Annual Donation Amount (Past 5 Years),0.0013349967014765283,4,True
247,donor_age,Donor Age,0.0026643243854567148,1,True
247,feature_gender_identity,Gender Identity,0.0021576515164912643,2,True
247,feature_preferred_address_type,Preferred Address Type,0.0016048534451119925,3,True
248,feature_past_5yr_total_donation,Total Donation Amount (Past 5 Years),0.0011227705732158953,7,False
248,feature_past_5yr_average_donation,Average Donation Amount (Past 5 Years),0.0012396351260021625,5,False
248,feature_past_5yr_donation_frequency_rate,Donation Frequency Rate (Past 5 Years),0.0005513535628130487,8,False
248,feature_years_since_last_donation_past_5yr,Years Since Most Recent Donation,0.0011962111074185265,6,False
248,feature_past_5yr_max_donation,Maximum Annual Donation Amount (Past 5 Years),0.0013544144900137821,4,True
248,donor_age,Donor Age,0.0026540274689127695,1,True
248,feature_gender_identity,Gender Identity,0.0020655293262003853,2,True
248,feature_preferred_address_type,Preferred Address Type,0.0016286912112171272,3,True
249,feature_past_5yr_total_donation,Total Donation Amount (Past 5 Years),0.0010754092995334658,7,False
249,feature_past_5yr_average_donation,Average Donation Amount (Past 5 Years),0.0012184987784865182,5,False
249,feature_past_5yr_donation_frequency_rate,Donation Frequency Rate (Past 5 Years),0.0005493111159209979,8,False
249,feature_years_since_last_donation_past_5yr,Years Since Most Recent Donation,0.001194824221531835,6,False
249,feature_past_5yr_max_donation,Maximum Annual Donation Amount (Past 5 Years),0.001329310134423444,4,True
249,donor_age,Donor Age,0.0027363579725177382,1,True
249,feature_gender_identity,Gender Identity,0.002134606814306615,2,True
249,feature_preferred_address_type,Preferred Address Type,0.0015770190433859195,3,True
250,feature_past_5yr_total_donation,Total Donation Amount (Past 5 Years),0.0010577295876483218,7,False
250,feature_past_5yr_average_donation,Average Donation Amount (Past 5 Years),0.001190725048949322,6,False
250,feature_past_5yr_donation_frequency_rate,Donation Frequency Rate (Past 5 Years),0.0005681189709959169,8,False
250,feature_years_since_last_donation_past_5yr,Years Since Most Recent Donation,0.0011933024057619334,5,False
250,feature_past_5yr_max_donation,Maximum Annual Donation Amount (Past 5 Years),0.0012878488594206946,4,True
250,donor_age,Donor Age,0.0028338960944192452,1,True
250,feature_gender_identity,Gender Identity,0.00212863418193657,2,True
250,feature_preferred_address_type,Preferred Address Type,0.0016034727340352147,3,True
251,feature_past_5yr_total_donation,Total Donation Amount (Past 5 Years),0.0010947069965292946,7,False
251,feature_past_5yr_average_donation,Average Donation Amount (Past 5 Years),0.0012249171001258048,5,False
251,feature_past_5yr_donation_frequency_rate,Donation Frequency Rate (Past 5 Years),0.0005409921569877992,8,False
251,feature_years_since_last_donation_past_5yr,Years Since Most Recent Donation,0.0011484534365699328,6,False
251,feature_past_5yr_max_donation,Maximum Annual Donation Amount (Past 5 Years),0.0013205197024464912,4,True
251,donor_age,Donor Age,0.0027781374124793232,1,True
251,feature_gender_identity,Gender Identity,0.002115683073622627,2,True
251,feature_preferred_address_type,Preferred Address Type,0.0016095855723435306,3,True
252,feature_past_5yr_total_donation,Total Donation Amount (Past 5 Years),0.0011708116812298587,7,False
252,feature_past_5yr_average_donation,Average Donation Amount (Past 5 Years),0.0012849512221611752,5,False
252,feature_past_5yr_donation_frequency_rate,Donation Frequency Rate (Past 5 Years),0.0005428202460642099,8,False
252,feature_years_since_last_donation_past_5yr,Years Since Most Recent Donation,0.001172899552708323,6,False
252,feature_past_5yr_max_donation,Maximum Annual Donation Amount (Past 5 Years),0.001379963553462489,4,True
252,donor_age,Donor Age,0.0026726033247111373,1,True
252,feature_gender_identity,Gender Identity,0.002055327423602124,2,True
252,feature_preferred_address_type,Preferred Address Type,0.0016194064063024245,3,True
253,feature_past_5yr_total_donation,Total Donation Amount (Past 5 Years),0.0010274688515582704,7,False
253,feature_past_5yr_average_donation,Average Donation Amount (Past 5 Years),0.0011581352996179032,5,False
253,feature_past_5yr_donation_frequency_rate,Donation Frequency Rate (Past 5 Years),0.000542956863714756,8,False
253,feature_years_since_last_donation_past_5yr,Years Since Most Recent Donation,0.0011289203663281087,6,False
253,feature_past_5yr_max_donation,Maximum Annual Donation Amount (Past 5 Years),0.001245230630430775,4,True
253,donor_age,Donor Age,0.0026494734412287955,1,True
253,feature_gender_identity,Gender Identity,0.0020496994830071515,2,True
253,feature_preferred_address_type,Preferred Address Type,0.0016385118145046007,3,True
254,feature_past_5yr_total_donation,Total Donation Amount (Past 5 Years),0.001118674409944056,7,False
254,feature_past_5yr_average_donation,Average Donation Amount (Past 5 Years),0.0012506366571282531,5,False
254,feature_past_5yr_donation_frequency_rate,Donation Frequency Rate (Past 5 Years),0.0005674550645937973,8,False
254,feature_years_since_last_donation_past_5yr,Years Since Most Recent Donation,0.0012062186506105377,6,False
254,feature_past_5yr_max_donation,Maximum Annual Donation Amount (Past 5 Years),0.001298790668476765,4,True
254,donor_age,Donor Age,0.0026297004205969496,1,True
254,feature_gender_identity,Gender Identity,0.0021246176061922267,2,True
254,feature_preferred_address_type,Preferred Address Type,0.001530224007110351,3,True
255,feature_past_5yr_total_donation,Total Donation Amount (Past 5 Years),0.0010884969507713508,7,False
255,feature_past_5yr_average_donation,Average Donation Amount (Past 5 Years),0.0012321365038749819,5,False
255,feature_past_5yr_donation_frequency_rate,Donation Frequency Rate (Past 5 Years),0.0005398939738003425,8,False
255,feature_years_since_last_donation_past_5yr,Years Since Most Recent Donation,0.0011880840882268681,6,False
255,feature_past_5yr_max_donation,Maximum Annual Donation Amount (Past 5 Years),0.001320607406834993,4,True
255,donor_age,Donor Age,0.0026541291933829185,1,True
255,feature_gender_identity,Gender Identity,0.0021023397111232566,2,True
255,feature_preferred_address_type,Preferred Address Type,0.0016274319306913698,3,True
256,feature_past_5yr_total_donation,Total Donation Amount (Past 5 Years),0.001140598342173045,7,False
256,feature_past_5yr_average_donation,Average Donation Amount (Past 5 Years),0.0012538628286941475,5,False
256,feature_past_5yr_donation_frequency_rate,Donation Frequency Rate (Past 5 Years),0.0005595350064761222,8,False
256,feature_years_since_last_donation_past_5yr,Years Since Most Recent Donation,0.0011646077961513452,6,False
256,feature_past_5yr_max_donation,Maximum Annual Donation Amount (Past 5 Years),0.0012974756151729852,4,True
256,donor_age,Donor Age,0.0027370257904433012,1,True
256,feature_gender_identity,Gender Identity,0.0021196434744987047,2,True
256,feature_preferred_address_type,Preferred Address Type,0.0016603736793291163,3,True
257,feature_past_5yr_total_donation,Total Donation Amount (Past 5 Years),0.0009891651227326304,7,False
257,feature_past_5yr_average_donation,Average Donation Amount (Past 5 Years),0.0011100972569597237,6,False
257,feature_past_5yr_donation_frequency_rate,Donation Frequency Rate (Past 5 Years),0.0005262730815174594,8,False
257,feature_years_since_last_donation_past_5yr,Years Since Most Recent Donation,0.0011671267462344183,5,False
257,feature_past_5yr_max_donation,Maximum Annual Donation Amount (Past 5 Years),0.0012142178706713142,4,True
257,donor_age,Donor Age,0.0027404991306940467,1,True
257,feature_gender_identity,Gender Identity,0.0021234484728004928,2,True
257,feature_preferred_address_type,Preferred Address Type,0.0016273055269469987,3,True
258,feature_past_5yr_total_donation,Total Donation Amount (Past 5 Years),0.0009438102508401383,7,False
258,feature_past_5yr_average_donation,Average Donation Amount (Past 5 Years),0.0010677336449290426,6,False
258,feature_past_5yr_donation_frequency_rate,Donation Frequency Rate (Past 5 Years),0.0005516592260277949,8,False
258,feature_years_since_last_donation_past_5yr,Years Since Most Recent Donation,0.001178301601444587,5,False
258,feature_past_5yr_max_donation,Maximum Annual Donation Amount (Past 5 Years),0.00118449559676658,4,True
258,donor_age,Donor Age,0.002687851920748611,1,True
258,feature_gender_identity,Gender Identity,0.0021118606834644523,2,True
258,feature_preferred_address_type,Preferred Address Type,0.0016162813552508875,3,True
259,feature_past_5yr_total_donation,Total Donation Amount (Past 5 Years),0.0011012188092147791,7,False
259,feature_past_5yr_average_donation,Average Donation Amount (Past 5 Years),0.0012267060748187395,5,False
259,feature_past_5yr_donation_frequency_rate,Donation Frequency Rate (Past 5 Years),0.0005162255818496149,8,False
259,feature_years_since_last_donation_past_5yr,Years Since Most Recent Donation,0.0011549309297081492,6,False
259,feature_past_5yr_max_donation,Maximum Annual Donation Amount (Past 5 Years),0.0013201207700591206,4,True
259,donor_age,Donor Age,0.002723247917661968,1,True
259,feature_gender_identity,Gender Identity,0.0021519004983731153,2,True
259,feature_preferred_address_type,Preferred Address Type,0.0016140669954280646,3,True
260,feature_past_5yr_total_donation,Total Donation Amount (Past 5 Years),0.00117650470314028,6,False
260,feature_past_5yr_average_donation,Average Donation Amount (Past 5 Years),0.0013043031948655763,5,False
260,feature_past_5yr_donation_frequency_rate,Donation Frequency Rate (Past 5 Years),0.0005548185906387588,8,False
260,feature_years_since_last_donation_past_5yr,Years Since Most Recent Donation,0.00116774070963576,7,False
260,feature_past_5yr_max_donation,Maximum Annual Donation Amount (Past 5 Years),0.0013912553108818304,4,True
260,donor_age,Donor Age,0.0025943536285038486,1,True
260,feature_gender_identity,Gender Identity,0.0021687569391591866,2,True
260,feature_preferred_address_type,Preferred Address Type,0.001577639704463037,3,True
261,feature_past_5yr_total_donation,Total Donation Amount (Past 5 Years),0.0010142574643654762,7,False
261,feature_past_5yr_average_donation,Average Donation Amount (Past 5 Years),0.0011484839423659126,6,False
261,feature_past_5yr_donation_frequency_rate,Donation Frequency Rate (Past 5 Years),0.0005180676824013279,8,False
261,feature_years_since_last_donation_past_5yr,Years Since Most Recent Donation,0.0011902980809671427,5,False
261,feature_past_5yr_max_donation,Maximum Annual Donation Amount (Past 5 Years),0.0012694341963015714,4,True
261,donor_age,Donor Age,0.0027788240578784543,1,True
261,feature_gender_identity,Gender Identity,0.0021095673013417347,2,True
261,feature_preferred_address_type,Preferred Address Type,0.0016040119977465787,3,True
262,feature_past_5yr_total_donation,Total Donation Amount (Past 5 Years),0.0009679158620476209,7,False
262,feature_past_5yr_average_donation,Average Donation Amount (Past 5 Years),0.001090143535096587,6,False
262,feature_past_5yr_donation_frequency_rate,Donation Frequency Rate (Past 5 Years),0.000536416771203171,8,False
262,feature_years_since_last_donation_past_5yr,Years Since Most Recent Donation,0.0012056725219672564,5,False
262,feature_past_5yr_max_donation,Maximum Annual Donation Amount (Past 5 Years),0.0012185561819207987,4,True
262,donor_age,Donor Age,0.0027348319340555487,1,True
262,feature_gender_identity,Gender Identity,0.0020978965380736582,2,True
262,feature_preferred_address_type,Preferred Address Type,0.0015833224920787463,3,True
263,feature_past_5yr_total_donation,Total Donation Amount (Past 5 Years),0.0011939880410948435,6,False
263,feature_past_5yr_average_donation,Average Donation Amount (Past 5 Years),0.001317066140984091,5,False
263,feature_past_5yr_donation_frequency_rate,Donation Frequency Rate (Past 5 Years),0.0005566650244637603,8,False
263,feature_years_since_last_donation_past_5yr,Years Since Most Recent Donation,0.0011834903593196948,7,False
263,feature_past_5yr_max_donation,Maximum Annual Donation Amount (Past 5 Years),0.0013760929741942983,4,True
263,donor_age,Donor Age,0.002738256284306689,1,True
263,feature_gender_identity,Gender Identity,0.002092273355657121,2,True
263,feature_preferred_address_type,Preferred Address Type,0.0016527072337515069,3,True
264,feature_past_5yr_total_donation,Total Donation Amount (Past 5 Years),0.0009648075945293289,7,False
264,feature_past_5yr_average_donation,Average Donation Amount (Past 5 Years),0.0010880900717665895,6,False
264,feature_past_5yr_donation_frequency_rate,Donation Frequency Rate (Past 5 Years),0.0005065261744531754,8,False
264,feature_years_since_last_donation_past_5yr,Years Since Most Recent Donation,0.0011556772228881415,5,False
264,feature_past_5yr_max_donation,Maximum Annual Donation Amount (Past 5 Years),0.0012384652589013212,4,True
264,donor_age,Donor Age,0.0027233480508436643,1,True
264,feature_gender_identity,Gender Identity,0.002133099081599466,2,True
264,feature_preferred_address_type,Preferred Address Type,0.0016442765954616046,3,True
265,feature_past_5yr_total_donation,Total Donation Amount (Past 5 Years),0.0010100467301569253,7,False
265,feature_past_5yr_average_donation,Average Donation Amount (Past 5 Years),0.0011425353230219274,6,False
265,feature_past_5yr_donation_frequency_rate,Donation Frequency Rate (Past 5 Years),0.0005730975430944435,8,False
265,feature_years_since_last_donation_past_5yr,Years Since Most Recent Donation,0.001218578706414423,5,False
265,feature_past_5yr_max_donation,Maximum Annual Donation Amount (Past 5 Years),0.001241222790001241,4,True
265,donor_age,Donor Age,0.002884595882764627,1,True
265,feature_gender_identity,Gender Identity,0.0021641533882668256,2,True
265,feature_preferred_address_type,Preferred Address Type,0.0016377629935319187,3,True
266,feature_past_5yr_total_donation,Total Donation Amount (Past 5 Years),0.001094051365896071,7,False
266,feature_past_5yr_average_donation,Average Donation Amount (Past 5 Years),0.001222694976079069,5,False
266,feature_past_5yr_donation_frequency_rate,Donation Frequency Rate (Past 5 Years),0.0005603644252545576,8,False
266,feature_years_since_last_donation_past_5yr,Years Since Most Recent Donation,0.0011768693283947984,6,False
266,feature_past_5yr_max_donation,Maximum Annual Donation Amount (Past 5 Years),0.001346423016649226,4,True
266,donor_age,Donor Age,0.0029107923022382858,1,True
266,feature_gender_identity,Gender Identity,0.00214868146511017,2,True
266,feature_preferred_address_type,Preferred Address Type,0.0015692027654382388,3,True
267,feature_past_5yr_total_donation,Total Donation Amount (Past 5 Years),0.0009993749212008848,7,False
267,feature_past_5yr_average_donation,Average Donation Amount (Past 5 Years),0.0011154197610681563,6,False
267,feature_past_5yr_donation_frequency_rate,Donation Frequency Rate (Past 5 Years),0.0005344676969593038,8,False
267,feature_years_since_last_donation_past_5yr,Years Since Most Recent Donation,0.0011567682897791426,5,False
267,feature_past_5yr_max_donation,Maximum Annual Donation Amount (Past 5 Years),0.0012248219086997598,4,True
267,donor_age,Donor Age,0.0027598504676894365,1,True
267,feature_gender_identity,Gender Identity,0.002146949539312198,2,True
267,feature_preferred_address_type,Preferred Address Type,0.001605414836722222,3,True
268,feature_past_5yr_total_donation,Total Donation Amount (Past 5 Years),0.0009909883813262214,7,False
268,feature_past_5yr_average_donation,Average Donation Amount (Past 5 Years),0.0011095063251106501,6,False
268,feature_past_5yr_donation_frequency_rate,Donation Frequency Rate (Past 5 Years),0.0005108802212009029,8,False
268,feature_years_since_last_donation_past_5yr,Years Since Most Recent Donation,0.001123308075566234,5,False
268,feature_past_5yr_max_donation,Maximum Annual Donation Amount (Past 5 Years),0.0012227770215294251,4,True
268,donor_age,Donor Age,0.0027682469472226864,1,True
268,feature_gender_identity,Gender Identity,0.0020878862947914393,2,True
268,feature_preferred_address_type,Preferred Address Type,0.0015718988976014484,3,True
269,feature_past_5yr_total_donation,Total Donation Amount (Past 5 Years),0.0012589176436410407,6,False
269,feature_past_5yr_average_donation,Average Donation Amount (Past 5 Years),0.0013760208315171133,5,False
269,feature_past_5yr_donation_frequency_rate,Donation Frequency Rate (Past 5 Years),0.000554131362654896,8,False
269,feature_years_since_last_donation_past_5yr,Years Since Most Recent Donation,0.001204872934069736,7,False
269,feature_past_5yr_max_donation,Maximum Annual Donation Amount (Past 5 Years),0.0014613371833304255,4,True
269,donor_age,Donor Age,0.0027122895707688637,1,True
269,feature_gender_identity,Gender Identity,0.002095917362080364,2,True
269,feature_preferred_address_type,Preferred Address Type,0.0015827990994156235,3,True
270,feature_past_5yr_total_donation,Total Donation Amount (Past 5 Years),0.0011911198053351486,7,False
270,feature_past_5yr_average_donation,Average Donation Amount (Past 5 Years),0.0013234115406975363,5,False
270,feature_past_5yr_donation_frequency_rate,Donation Frequency Rate (Past 5 Years),0.0005827500032485346,8,False
270,feature_years_since_last_donation_past_5yr,Years Since Most Recent Donation,0.0012427761551466157,6,False
270,feature_past_5yr_max_donation,Maximum Annual Donation Amount (Past 5 Years),0.001354833879964835,4,True
270,donor_age,Donor Age,0.002632736527499999,1,True
270,feature_gender_identity,Gender Identity,0.002127510261408932,2,True
270,feature_preferred_address_type,Preferred Address Type,0.0016543122920704815,3,True
271,feature_past_5yr_total_donation,Total Donation Amount (Past 5 Years),0.001011615733571561,7,False
271,feature_past_5yr_average_donation,Average Donation Amount (Past 5 Years),0.0011341178423046687,6,False
271,feature_past_5yr_donation_frequency_rate,Donation Frequency Rate (Past 5 Years),0.0005143340129403686,8,False
271,feature_years_since_last_donation_past_5yr,Years Since Most Recent Donation,0.0011699083087367344,5,False
271,feature_past_5yr_max_donation,Maximum Annual Donation Amount (Past 5 Years),0.0012622593449719904,4,True
271,donor_age,Donor Age,0.0025983033310029305,1,True
271,feature_gender_identity,Gender Identity,0.002086593487607232,2,True
271,feature_preferred_address_type,Preferred Address Type,0.0015987890832754197,3,True
272,feature_past_5yr_total_donation,Total Donation Amount (Past 5 Years),0.001080835494700464,7,False
272,feature_past_5yr_average_donation,Average Donation Amount (Past 5 Years),0.0012197601672970452,5,False
272,feature_past_5yr_donation_frequency_rate,Donation Frequency Rate (Past 5 Years),0.0005489977209414803,8,False
272,feature_years_since_last_donation_past_5yr,Years Since Most Recent Donation,0.001167753155561853,6,False
272,feature_past_5yr_max_donation,Maximum Annual Donation Amount (Past 5 Years),0.0013402712917722035,4,True
272,donor_age,Donor Age,0.0026354931461752633,1,True
272,feature_gender_identity,Gender Identity,0.0020943524841649692,2,True
272,feature_preferred_address_type,Preferred Address Type,0.0015945292254214084,3,True
273,feature_past_5yr_total_donation,Total Donation Amount (Past 5 Years),0.0010271016314831241,7,False
273,feature_past_5yr_average_donation,Average Donation Amount (Past 5 Years),0.0011529581547177483,6,False
273,feature_past_5yr_donation_frequency_rate,Donation Frequency Rate (Past 5 Years),0.0005428006068814635,8,False
273,feature_years_since_last_donation_past_5yr,Years Since Most Recent Donation,0.0011892229969875253,5,False
273,feature_past_5yr_max_donation,Maximum Annual Donation Amount (Past 5 Years),0.0012631555865618563,4,True
273,donor_age,Donor Age,0.0027273710090988915,1,True
273,feature_gender_identity,Gender Identity,0.0020852378344835437,2,True
273,feature_preferred_address_type,Preferred Address Type,0.0015723502244734727,3,True
274,feature_past_5yr_total_donation,Total Donation Amount (Past 5 Years),0.0011774151188512028,7,False
274,feature_past_5yr_average_donation,Average Donation Amount (Past 5 Years),0.0013029271465683694,5,False
274,feature_past_5yr_donation_frequency_rate,Donation Frequency Rate (Past 5 Years),0.0005642142855952821,8,False
274,feature_years_since_last_donation_past_5yr,Years Since Most Recent Donation,0.0011991673423377648,6,False
274,feature_past_5yr_max_donation,Maximum Annual Donation Amount (Past 5 Years),0.0013650980484867835,4,True
274,donor_age,Donor Age,0.0027351040387759255,1,True
274,feature_gender_identity,Gender Identity,0.0021268552574082947,2,True
274,feature_preferred_address_type,Preferred Address Type,0.0016089920038321888,3,True
275,feature_past_5yr_total_donation,Total Donation Amount (Past 5 Years),0.001069981986202398,7,False
275,feature_past_5yr_average_donation,Average Donation Amount (Past 5 Years),0.001199657608209055,5,False
275,feature_past_5yr_donation_frequency_rate,Donation Frequency Rate (Past 5 Years),0.0005698123551789662,8,False
275,feature_years_since_last_donation_past_5yr,Years Since Most Recent Donation,0.0011966374994015385,6,False
275,feature_past_5yr_max_donation,Maximum Annual Donation Amount (Past 5 Years),0.0013338273423208447,4,True
275,donor_age,Donor Age,0.0025577069428733374,1,True
275,feature_gender_identity,Gender Identity,0.0020750772071014114,2,True
275,feature_preferred_address_type,Preferred Address Type,0.0015629926947298236,3,True
276,feature_past_5yr_total_donation,Total Donation Amount (Past 5 Years),0.0010699615264726317,7,False
276,feature_past_5yr_average_donation,Average Donation Amount (Past 5 Years),0.0012061228195733166,5,False
276,feature_past_5yr_donation_frequency_rate,Donation Frequency Rate (Past 5 Years),0.0005763255043895834,8,False
276,feature_years_since_last_donation_past_5yr,Years Since Most Recent Donation,0.001146329933469873,6,False
276,feature_past_5yr_max_donation,Maximum Annual Donation Amount (Past 5 Years),0.0012718315926227794,4,True
276,donor_age,Donor Age,0.0027350977514898293,1,True
276,feature_gender_identity,Gender Identity,0.002091214970963345,2,True
276,feature_preferred_address_type,Preferred Address Type,0.0016257302709117055,3,True
277,feature_past_5yr_total_donation,Total Donation Amount (Past 5 Years),0.0011157259960275817,7,False
277,feature_past_5yr_average_donation,Average Donation Amount (Past 5 Years),0.001253447225548373,5,False
277,feature_past_5yr_donation_frequency_rate,Donation Frequency Rate (Past 5 Years),0.0005545748688754176,8,False
277,feature_years_since_last_donation_past_5yr,Years Since Most Recent Donation,0.0011882724945294096,6,False
277,feature_past_5yr_max_donation,Maximum Annual Donation Amount (Past 5 Years),0.0013184867316215702,4,True
277,donor_age,Donor Age,0.002793843299418971,1,True
277,feature_gender_identity,Gender Identity,0.002079056213515746,2,True
277,feature_preferred_address_type,Preferred Address Type,0.001592215252951501,3,True
278,feature_past_5yr_total_donation,Total Donation Amount (Past 5 Years),0.001062315360329165,7,False
278,feature_past_5yr_average_donation,Average Donation Amount (Past 5 Years),0.0011885159237345583,6,False
278,feature_past_5yr_donation_frequency_rate,Donation Frequency Rate (Past 5 Years),0.0005677370846347778,8,False
278,feature_years_since_last_donation_past_5yr,Years Since Most Recent Donation,0.0012005014724247834,5,False
278,feature_past_5yr_max_donation,Maximum Annual Donation Amount (Past 5 Years),0.0012918695820094534,4,True
278,donor_age,Donor Age,0.002764057041460667,1,True
278,feature_gender_identity,Gender Identity,0.0021649022136435337,2,True
278,feature_preferred_address_type,Preferred Address Type,0.0015846074217418802,3,True
279,feature_past_5yr_total_donation,Total Donation Amount (Past 5 Years),0.0011436314540694064,7,False
279,feature_past_5yr_average_donation,Average Donation Amount (Past 5 Years),0.001271285619815453,5,False
279,feature_past_5yr_donation_frequency_rate,Donation Frequency Rate (Past 5 Years),0.0005458889605371023,8,False
279,feature_years_since_last_donation_past_5yr,Years Since Most Recent Donation,0.0012100554501610664,6,False
279,feature_past_5yr_max_donation,Maximum Annual Donation Amount (Past 5 Years),0.0013912668725991595,4,True
279,donor_age,Donor Age,0.0027513976026991077,1,True
279,feature_gender_identity,Gender Identity,0.0020963746488784425,2,True
279,feature_preferred_address_type,Preferred Address Type,0.0016246472760309788,3,True
280,feature_past_5yr_total_donation,Total Donation Amount (Past 5 Years),0.0011155387045653962,7,False
280,feature_past_5yr_average_donation,Average Donation Amount (Past 5 Years),0.0012494818313732753,5,False
280,feature_past_5yr_donation_frequency_rate,Donation Frequency Rate (Past 5 Years),0.0005822963785243786,8,False
280,feature_years_since_last_donation_past_5yr,Years Since Most Recent Donation,0.0012472565451151602,6,False
280,feature_past_5yr_max_donation,Maximum Annual Donation Amount (Past 5 Years),0.0013293650599569683,4,True
280,donor_age,Donor Age,0.002644530249020695,1,True
280,feature_gender_identity,Gender Identity,0.002103525343254448,2,True
280,feature_preferred_address_type,Preferred Address Type,0.0015013095352540602,3,True
281,feature_past_5yr_total_donation,Total Donation Amount (Past 5 Years),0.0012082622795422681,6,False
281,feature_past_5yr_average_donation,Average Donation Amount (Past 5 Years),0.0013466943930866351,5,False
281,feature_past_5yr_donation_frequency_rate,Donation Frequency Rate (Past 5 Years),0.0005325357010590231,8,False
281,feature_years_since_last_donation_past_5yr,Years Since Most Recent Donation,0.0011398947658147033,7,False
281,feature_past_5yr_max_donation,Maximum Annual Donation Amount (Past 5 Years),0.0014196499203033227,4,True
281,donor_age,Donor Age,0.002690615392998224,1,True
281,feature_gender_identity,Gender Identity,0.0020579416889174376,2,True
281,feature_preferred_address_type,Preferred Address Type,0.0016091943758672301,3,True
282,feature_past_5yr_total_donation,Total Donation Amount (Past 5 Years),0.0010816075528638316,7,False
282,feature_past_5yr_average_donation,Average Donation Amount (Past 5 Years),0.001233706526679159,5,False
282,feature_past_5yr_donation_frequency_rate,Donation Frequency Rate (Past 5 Years),0.0005538995664563053,8,False
282,feature_years_since_last_donation_past_5yr,Years Since Most Recent Donation,0.001193854339757226,6,False
282,feature_past_5yr_max_donation,Maximum Annual Donation Amount (Past 5 Years),0.0013362556317211547,4,True
282,donor_age,Donor Age,0.0027000511767072046,1,True
282,feature_gender_identity,Gender Identity,0.002098136219021474,2,True
282,feature_preferred_address_type,Preferred Address Type,0.0016561827159674004,3,True
283,feature_past_5yr_total_donation,Total Donation Amount (Past 5 Years),0.0010557394029004701,7,False
283,feature_past_5yr_average_donation,Average Donation Amount (Past 5 Years),0.0011889610471918152,6,False
283,feature_past_5yr_donation_frequency_rate,Donation Frequency Rate (Past 5 Years),0.0005538604020253128,8,False
283,feature_years_since_last_donation_past_5yr,Years Since Most Recent Donation,0.0012085291138775455,5,False
283,feature_past_5yr_max_donation,Maximum Annual Donation Amount (Past 5 Years),0.0012872601084062043,4,True
283,donor_age,Donor Age,0.002756171562556495,1,True
283,feature_gender_identity,Gender Identity,0.00214340506171802,2,True
283,feature_preferred_address_type,Preferred Address Type,0.0015430235146866088,3,True
284,feature_past_5yr_total_donation,Total Donation Amount (Past 5 Years),0.0009391178096897793,7,False
284,feature_past_5yr_average_donation,Average Donation Amount (Past 5 Years),0.0010804066396306097,6,False
284,feature_past_5yr_donation_frequency_rate,Donation Frequency Rate (Past 5 Years),0.0005455581535132571,8,False
284,feature_years_since_last_donation_past_5yr,Years Since Most Recent Donation,0.0011815560760497612,5,False
284,feature_past_5yr_max_donation,Maximum Annual Donation Amount (Past 5 Years),0.0011908897170606818,4,True
284,donor_age,Donor Age,0.0028508404317445345,1,True
284,feature_gender_identity,Gender Identity,0.0021238622551824396,2,True
284,feature_preferred_address_type,Preferred Address Type,0.001612046052407771,3,True
285,feature_past_5yr_total_donation,Total Donation Amount (Past 5 Years),0.0009876564758441704,7,False
285,feature_past_5yr_average_donation,Average Donation Amount (Past 5 Years),0.0011276221767269024,6,False
285,feature_past_5yr_donation_frequency_rate,Donation Frequency Rate (Past 5 Years),0.0005571970051221838,8,False
285,feature_years_since_last_donation_past_5yr,Years Since Most Recent Donation,0.0011790400009438684,5,False
285,feature_past_5yr_max_donation,Maximum Annual Donation Amount (Past 5 Years),0.0012510181982992375,4,True
285,donor_age,Donor Age,0.002612218655872879,1,True
285,feature_gender_identity,Gender Identity,0.002096267453730565,2,True
285,feature_preferred_address_type,Preferred Address Type,0.0015614816628642216,3,True
286,feature_past_5yr_total_donation,Total Donation Amount (Past 5 Years),0.0010968696131665383,7,False
286,feature_past_5yr_average_donation,Average Donation Amount (Past 5 Years),0.0012191094232210848,5,False
286,feature_past_5yr_donation_frequency_rate,Donation Frequency Rate (Past 5 Years),0.0005537475927091968,8,False
286,feature_years_since_last_donation_past_5yr,Years Since Most Recent Donation,0.0011838667926402844,6,False
286,feature_past_5yr_max_donation,Maximum Annual Donation Amount (Past 5 Years),0.0013024086131713183,4,True
286,donor_age,Donor Age,0.002711586495854548,1,True
286,feature_gender_identity,Gender Identity,0.0021456206761676475,2,True
286,feature_preferred_address_type,Preferred Address Type,0.0015801129425847852,3,True
287,feature_past_5yr_total_donation,Total Donation Amount (Past 5 Years),0.0009709410398888495,7,False
287,feature_past_5yr_average_donation,Average Donation Amount (Past 5 Years),0.0011005335916007947,6,False
287,feature_past_5yr_donation_frequency_rate,Donation Frequency Rate (Past 5 Years),0.0005606025601792768,8,False
287,feature_years_since_last_donation_past_5yr,Years Since Most Recent Donation,0.0011716936294038725,5,False
287,feature_past_5yr_max_donation,Maximum Annual Donation Amount (Past 5 Years),0.0012103466982949812,4,True
287,donor_age,Donor Age,0.0028294136259589013,1,True
287,feature_gender_identity,Gender Identity,0.002135500627351125,2,True
287,feature_preferred_address_type,Preferred Address Type,0.001604468753326338,3,True
288,feature_past_5yr_total_donation,Total Donation Amount (Past 5 Years),0.0011599059130306053,7,False
288,feature_past_5yr_average_donation,Average Donation Amount (Past 5 Years),0.0012917866825186324,5,False
288,feature_past_5yr_donation_frequency_rate,Donation Frequency Rate (Past 5 Years),0.000578425453428814,8,False
288,feature_years_since_last_donation_past_5yr,Years Since Most Recent Donation,0.0012256399197427814,6,False
288,feature_past_5yr_max_donation,Maximum Annual Donation Amount (Past 5 Years),0.001388001411262774,4,True
288,donor_age,Donor Age,0.0027910321327033407,1,True
288,feature_gender_identity,Gender Identity,0.002130920295101696,2,True
288,feature_preferred_address_type,Preferred Address Type,0.0016357877387799006,3,True
289,feature_past_5yr_total_donation,Total Donation Amount (Past 5 Years),0.0011195713189218687,7,False
289,feature_past_5yr_average_donation,Average Donation Amount (Past 5 Years),0.0012341819591463225,5,False
289,feature_past_5yr_donation_frequency_rate,Donation Frequency Rate (Past 5 Years),0.0005467379331917823,8,False
289,feature_years_since_last_donation_past_5yr,Years Since Most Recent Donation,0.0011918417700067243,6,False
289,feature_past_5yr_max_donation,Maximum Annual Donation Amount (Past 5 Years),0.0013244747692210885,4,True
289,donor_age,Donor Age,0.002659200081869253,1,True
289,feature_gender_identity,Gender Identity,0.002129660558223858,2,True
289,feature_preferred_address_type,Preferred Address Type,0.0015929097937663365,3,True
290,feature_past_5yr_total_donation,Total Donation Amount (Past 5 Years),0.0010614555280649587,7,False
290,feature_past_5yr_average_donation,Average Donation Amount (Past 5 Years),0.0011978859662078241,5,False
290,feature_past_5yr_donation_frequency_rate,Donation Frequency Rate (Past 5 Years),0.0005424907307802674,8,False
290,feature_years_since_last_donation_past_5yr,Years Since Most Recent Donation,0.0011608979401111776,6,False
290,feature_past_5yr_max_donation,Maximum Annual Donation Amount (Past 5 Years),0.0012518676783263745,4,True
290,donor_age,Donor Age,0.0027031234855970964,1,True
290,feature_gender_identity,Gender Identity,0.0021108903378683815,2,True
290,feature_preferred_address_type,Preferred Address Type,0.0015975290846696674,3,True
291,feature_past_5yr_total_donation,Total Donation Amount (Past 5 Years),0.0011541169357874711,7,False
291,feature_past_5yr_average_donation,Average Donation Amount (Past 5 Years),0.0012828671092975695,5,False
291,feature_past_5yr_donation_frequency_rate,Donation Frequency Rate (Past 5 Years),0.0005438338374641006,8,False
291,feature_years_since_last_donation_past_5yr,Years Since Most Recent Donation,0.0012073328262422846,6,False
291,feature_past_5yr_max_donation,Maximum Annual Donation Amount (Past 5 Years),0.0013685805310396132,4,True
291,donor_age,Donor Age,0.002658355527342113,1,True
291,feature_gender_identity,Gender Identity,0.0020655411228856927,2,True
291,feature_preferred_address_type,Preferred Address Type,0.0016006823745085982,3,True
292,feature_past_5yr_total_donation,Total Donation Amount (Past 5 Years),0.001069406214633992,7,False
292,feature_past_5yr_average_donation,Average Donation Amount (Past 5 Years),0.0011817727247819094,5,False
292,feature_past_5yr_donation_frequency_rate,Donation Frequency Rate (Past 5 Years),0.0005510191007619334,8,False
292,feature_years_since_last_donation_past_5yr,Years Since Most Recent Donation,0.0011334094787902606,6,False
292,feature_past_5yr_max_donation,Maximum Annual Donation Amount (Past 5 Years),0.0012845552479539544,4,True
292,donor_age,Donor Age,0.002771220616322683,1,True
292,feature_gender_identity,Gender Identity,0.002152854710677994,2,True
292,feature_preferred_address_type,Preferred Address Type,0.001577914511565303,3,True
293,feature_past_5yr_total_donation,Total Donation Amount (Past 5 Years),0.0009851611013958008,7,False
293,feature_past_5yr_average_donation,Average Donation Amount (Past 5 Years),0.0011205129277822973,6,False
293,feature_past_5yr_donation_frequency_rate,Donation Frequency Rate (Past 5 Years),0.0005373656215896709,8,False
293,feature_years_since_last_donation_past_5yr,Years Since Most Recent Donation,0.0011916345333963282,5,False
293,feature_past_5yr_max_donation,Maximum Annual Donation Amount (Past 5 Years),0.0012485748311982774,4,True
293,donor_age,Donor Age,0.002724066821872306,1,True
293,feature_gender_identity,Gender Identity,0.0021222875966143587,2,True
293,feature_preferred_address_type,Preferred Address Type,0.0015950998504045428,3,True
294,feature_past_5yr_total_donation,Total Donation Amount (Past 5 Years),0.0010905361182046588,7,False
294,feature_past_5yr_average_donation,Average Donation Amount (Past 5 Years),0.0012130803146969047,5,False
294,feature_past_5yr_donation_frequency_rate,Donation Frequency Rate (Past 5 Years),0.0005744018156754306,8,False
294,feature_years_since_last_donation_past_5yr,Years Since Most Recent Donation,0.001207879632827097,6,False
294,feature_past_5yr_max_donation,Maximum Annual Donation Amount (Past 5 Years),0.0013148354205870184,4,True
294,donor_age,Donor Age,0.0027722682702320685,1,True
294,feature_gender_identity,Gender Identity,0.0021627368335195335,2,True
294,feature_preferred_address_type,Preferred Address Type,0.0016325294547244302,3,True
295,feature_past_5yr_total_donation,Total Donation Amount (Past 5 Years),0.00120658369380847,6,False
295,feature_past_5yr_average_donation,Average Donation Amount (Past 5 Years),0.0013266353076970717,5,False
295,feature_past_5yr_donation_frequency_rate,Donation Frequency Rate (Past 5 Years),0.0005407750888125857,8,False
295,feature_years_since_last_donation_past_5yr,Years Since Most Recent Donation,0.0011621146805835944,7,False
295,feature_past_5yr_max_donation,Maximum Annual Donation Amount (Past 5 Years),0.0014257698316962521,4,True
295,donor_age,Donor Age,0.0027315956660138117,1,True
295,feature_gender_identity,Gender Identity,0.002048598056014023,2,True
295,feature_preferred_address_type,Preferred Address Type,0.0016242114757120385,3,True
296,feature_past_5yr_total_donation,Total Donation Amount (Past 5 Years),0.0009868281541843677,7,False
296,feature_past_5yr_average_donation,Average Donation Amount (Past 5 Years),0.0011119068021909616,6,False
296,feature_past_5yr_donation_frequency_rate,Donation Frequency Rate (Past 5 Years),0.0005451109627394288,8,False
296,feature_years_since_last_donation_past_5yr,Years Since Most Recent Donation,0.0012255530321952377,5,False
296,feature_past_5yr_max_donation,Maximum Annual Donation Amount (Past 5 Years),0.0012432924886223772,4,True
296,donor_age,Donor Age,0.0027418257834575218,1,True
296,feature_gender_identity,Gender Identity,0.002086690162890208,2,True
296,feature_preferred_address_type,Preferred Address Type,0.0016482857597453818,3,True
297,feature_past_5yr_total_donation,Total Donation Amount (Past 5 Years),0.0008731040024007039,7,False
297,feature_past_5yr_average_donation,Average Donation Amount (Past 5 Years),0.0010076127896634275,6,False
297,feature_past_5yr_donation_frequency_rate,Donation Frequency Rate (Past 5 Years),0.0005229882607519967,8,False
297,feature_years_since_last_donation_past_5yr,Years Since Most Recent Donation,0.00119783001121974,4,True
297,feature_past_5yr_max_donation,Maximum Annual Donation Amount (Past 5 Years),0.0011304529775987109,5,False
297,donor_age,Donor Age,0.0026901385170566357,1,True
297,feature_gender_identity,Gender Identity,0.0021245453023680558,2,True
297,feature_preferred_address_type,Preferred Address Type,0.0015595397180767584,3,True
298,feature_past_5yr_total_donation,Total Donation Amount (Past 5 Years),0.0011753520920719555,7,False
298,feature_past_5yr_average_donation,Average Donation Amount (Past 5 Years),0.0013027540501583076,5,False
298,feature_past_5yr_donation_frequency_rate,Donation Frequency Rate (Past 5 Years),0.0005768917772758206,8,False
298,feature_years_since_last_donation_past_5yr,Years Since Most Recent Donation,0.001211049347737157,6,False
298,feature_past_5yr_max_donation,Maximum Annual Donation Amount (Past 5 Years),0.0014032254717906074,4,True
298,donor_age,Donor Age,0.002631921859319229,1,True
298,feature_gender_identity,Gender Identity,0.002046536221102199,2,True
298,feature_preferred_address_type,Preferred Address Type,0.0015935121301191406,3,True
299,feature_past_5yr_total_donation,Total Donation Amount (Past 5 Years),0.0010889542746679102,7,False
299,feature_past_5yr_average_donation,Average Donation Amount (Past 5 Years),0.0012277021804186065,5,False
299,feature_past_5yr_donation_frequency_rate,Donation Frequency Rate (Past 5 Years),0.0005567149600850422,8,False
299,feature_years_since_last_donation_past_5yr,Years Since Most Recent Donation,0.0012150778444960457,6,False
299,feature_past_5yr_max_donation,Maximum Annual Donation Amount (Past 5 Years),0.0013546999095483108,4,True
299,donor_age,Donor Age,0.0026977810096653868,1,True
299,feature_gender_identity,Gender Identity,0.0021020769822713797,2,True
299,feature_preferred_address_type,Preferred Address Type,0.0015781202999216755,3,True
300,feature_past_5yr_total_donation,Total Donation Amount (Past 5 Years),0.0010941725276262734,7,False
300,feature_past_5yr_average_donation,Average Donation Amount (Past 5 Years),0.0012161855132894852,5,False
300,feature_past_5yr_donation_frequency_rate,Donation Frequency Rate (Past 5 Years),0.0005591765555298047,8,False
300,feature_years_since_last_donation_past_5yr,Years Since Most Recent Donation,0.0012039846615822687,6,False
300,feature_past_5yr_max_donation,Maximum Annual Donation Amount (Past 5 Years),0.0012994080230924925,4,True
300,donor_age,Donor Age,0.0027825781876435946,1,True
300,feature_gender_identity,Gender Identity,0.0021597410392916066,2,True
300,feature_preferred_address_type,Preferred Address Type,0.0015863764427621022,3,True
301,feature_past_5yr_total_donation,Total Donation Amount (Past 5 Years),0.0011391172198732913,7,False
301,feature_past_5yr_average_donation,Average Donation Amount (Past 5 Years),0.0012723488788861576,5,False
301,feature_past_5yr_donation_frequency_rate,Donation Frequency Rate (Past 5 Years),0.0005569724404505835,8,False
301,feature_years_since_last_donation_past_5yr,Years Since Most Recent Donation,0.0012304870980206287,6,False
301,feature_past_5yr_max_donation,Maximum Annual Donation Amount (Past 5 Years),0.0013635273761212275,4,True
301,donor_age,Donor Age,0.002606530385129213,1,True
301,feature_gender_identity,Gender Identity,0.0021036155313180335,2,True
301,feature_preferred_address_type,Preferred Address Type,0.0015630338446921428,3,True
302,feature_past_5yr_total_donation,Total Donation Amount (Past 5 Years),0.0009805093181334166,7,False
302,feature_past_5yr_average_donation,Average Donation Amount (Past 5 Years),0.0011125349619542258,6,False
302,feature_past_5yr_donation_frequency_rate,Donation Frequency Rate (Past 5 Years),0.0005404051803523691,8,False
302,feature_years_since_last_donation_past_5yr,Years Since Most Recent Donation,0.0012044893909470926,5,False
302,feature_past_5yr_max_donation,Maximum Annual Donation Amount (Past 5 Years),0.0012154865029721813,4,True
302,donor_age,Donor Age,0.002696718909099724,1,True
302,feature_gender_identity,Gender Identity,0.0021234699134603905,2,True
302,feature_preferred_address_type,Preferred Address Type,0.0015474003606833037,3,True
303,feature_past_5yr_total_donation,Total Donation Amount (Past 5 Years),0.0011351225316358856,7,False
303,feature_past_5yr_average_donation,Average Donation Amount (Past 5 Years),0.0012418629517474747,5,False
303,feature_past_5yr_donation_frequency_rate,Donation Frequency Rate (Past 5 Years),0.0005548453323353809,8,False
303,feature_years_since_last_donation_past_5yr,Years Since Most Recent Donation,0.0011718984350969166,6,False
303,feature_past_5yr_max_donation,Maximum Annual Donation Amount (Past 5 Years),0.001321839157686349,4,True
303,donor_age,Donor Age,0.0027558002530523045,1,True
303,feature_gender_identity,Gender Identity,0.0021134863402501414,2,True
303,feature_preferred_address_type,Preferred Address Type,0.0015360695474877283,3,True
304,feature_past_5yr_total_donation,Total Donation Amount (Past 5 Years),0.0011435717933425409,7,False
304,feature_past_5yr_average_donation,Average Donation Amount (Past 5 Years),0.0012672236375131753,5,False
304,feature_past_5yr_donation_frequency_rate,Donation Frequency Rate (Past 5 Years),0.0005552086408448518,8,False
304,feature_years_since_last_donation_past_5yr,Years Since Most Recent Donation,0.0011796940680386429,6,False
304,feature_past_5yr_max_donation,Maximum Annual Donation Amount (Past 5 Years),0.0013441697897048058,4,True
304,donor_age,Donor Age,0.00267892753350119,1,True
304,feature_gender_identity,Gender Identity,0.0020909866737941337,2,True
304,feature_preferred_address_type,Preferred Address Type,0.0015831044920804412,3,True
305,feature_past_5yr_total_donation,Total Donation Amount (Past 5 Years),0.0011918631318008155,7,False
305,feature_past_5yr_average_donation,Average Donation Amount (Past 5 Years),0.0013044385286500922,5,False
305,feature_past_5yr_donation_frequency_rate,Donation Frequency Rate (Past 5 Years),0.0005737464835242525,8,False
305,feature_years_since_last_donation_past_5yr,Years Since Most Recent Donation,0.001225478529682776,6,False
305,feature_past_5yr_max_donation,Maximum Annual Donation Amount (Past 5 Years),0.0013711082604846315,4,True
305,donor_age,Donor Age,0.0027032682841604204,1,True
305,feature_gender_identity,Gender Identity,0.0021247362003481347,2,True
305,feature_preferred_address_type,Preferred Address Type,0.0016017054928366766,3,True
306,feature_past_5yr_total_donation,Total Donation Amount (Past 5 Years),0.0011173849875540998,7,False
306,feature_past_5yr_average_donation,Average Donation Amount (Past 5 Years),0.0012489263812324554,5,False
306,feature_past_5yr_donation_frequency_rate,Donation Frequency Rate (Past 5 Years),0.0005828611435621661,8,False
306,feature_years_since_last_donation_past_5yr,Years Since Most Recent Donation,0.0011942060445554598,6,False
306,feature_past_5yr_max_donation,Maximum Annual Donation Amount (Past 5 Years),0.0013630780059648597,4,True
306,donor_age,Donor Age,0.0027344109643804015,1,True
306,feature_gender_identity,Gender Identity,0.002135796618888125,2,True
306,feature_preferred_address_type,Preferred Address Type,0.0015979712580541877,3,True
307,feature_past_5yr_total_donation,Total Donation Amount (Past 5 Years),0.0010198825219657512,7,False
307,feature_past_5yr_average_donation,Average Donation Amount (Past 5 Years),0.0011541976652158165,6,False
307,feature_past_5yr_donation_frequency_rate,Donation Frequency Rate (Past 5 Years),0.0005542482499890333,8,False
307,feature_years_since_last_donation_past_5yr,Years Since Most Recent Donation,0.0012180522667088506,5,False
307,feature_past_5yr_max_donation,Maximum Annual Donation Amount (Past 5 Years),0.0012808846476010487,4,True
307,donor_age,Donor Age,0.0028010516556019357,1,True
307,feature_gender_identity,Gender Identity,0.00210993122240813,2,True
307,feature_preferred_address_type,Preferred Address Type,0.001586698372551106,3,True
308,feature_past_5yr_total_donation,Total Donation Amount (Past 5 Years),0.0012383010825803504,6,False
308,feature_past_5yr_average_donation,Average Donation Amount (Past 5 Years),0.0013730676577607347,5,False
308,feature_past_5yr_donation_frequency_rate,Donation Frequency Rate (Past 5 Years),0.000577589646076881,8,False
308,feature_years_since_last_donation_past_5yr,Years Since Most Recent Donation,0.0012238031867568438,7,False
308,feature_past_5yr_max_donation,Maximum Annual Donation Amount (Past 5 Years),0.001412407248680857,4,True
308,donor_age,Donor Age,0.0027583985659608143,1,True
308,feature_gender_identity,Gender Identity,0.0021256482625520664,2,True
308,feature_preferred_address_type,Preferred Address Type,0.0015976156004651712,3,True
309,feature_past_5yr_total_donation,Total Donation Amount (Past 5 Years),0.0009962037627407956,7,False
309,feature_past_5yr_average_donation,Average Donation Amount (Past 5 Years),0.0011284964854430223,6,False
309,feature_past_5yr_donation_frequency_rate,Donation Frequency Rate (Past 5 Years),0.0005445303192116489,8,False
309,feature_years_since_last_donation_past_5yr,Years Since Most Recent Donation,0.001195533021995231,5,False
309,feature_past_5yr_max_donation,Maximum Annual Donation Amount (Past 5 Years),0.0012660395601528627,4,True
309,donor_age,Donor Age,0.002788651898425523,1,True
309,feature_gender_identity,Gender Identity,0.00211551650505476,2,True
309,feature_preferred_address_type,Preferred Address Type,0.0016235456190493635,3,True
310,feature_past_5yr_total_donation,Total Donation Amount (Past 5 Years),0.0010703028632707866,7,False
310,feature_past_5yr_average_donation,Average Donation Amount (Past 5 Years),0.001211867293931069,5,False
310,feature_past_5yr_donation_frequency_rate,Donation Frequency Rate (Past 5 Years),0.0005458236395736308,8,False
310,feature_years_since_last_donation_past_5yr,Years Since Most Recent Donation,0.0011911614710553395,6,False
310,feature_past_5yr_max_donation,Maximum Annual Donation Amount (Past 5 Years),0.001322415020175423,4,True
310,donor_age,Donor Age,0.002773907934488153,1,True
310,feature_gender_identity,Gender Identity,0.0020759153166191517,2,True
310,feature_preferred_address_type,Preferred Address Type,0.0015966823854205647,3,True
311,feature_past_5yr_total_donation,Total Donation Amount (Past 5 Years),0.0009674510727756568,7,False
311,feature_past_5yr_average_donation,Average Donation Amount (Past 5 Years),0.0010924611113477276,6,False
311,feature_past_5yr_donation_frequency_rate,Donation Frequency Rate (Past 5 Years),0.0005371545449956967,8,False
311,feature_years_since_last_donation_past_5yr,Years Since Most Recent Donation,0.0011511171399963944,5,False
311,feature_past_5yr_max_donation,Maximum Annual Donation Amount (Past 5 Years),0.0011785634262941342,4,True
311,donor_age,Donor Age,0.0026660488671691593,1,True
311,feature_gender_identity,Gender Identity,0.0021017006831876377,2,True
311,feature_preferred_address_type,Preferred Address Type,0.0016198088129237545,3,True
312,feature_past_5yr_total_donation,Total Donation Amount (Past 5 Years),0.0009508167830779345,7,False
312,feature_past_5yr_average_donation,Average Donation Amount (Past 5 Years),0.001081649911222959,6,False
312,feature_past_5yr_donation_frequency_rate,Donation Frequency Rate (Past 5 Years),0.0005287880740040549,8,False
312,feature_years_since_last_donation_past_5yr,Years Since Most Recent Donation,0.0011325574108743083,5,False
312,feature_past_5yr_max_donation,Maximum Annual Donation Amount (Past 5 Years),0.0011956313093225701,4,True
312,donor_age,Donor Age,0.0027975756614463743,1,True
312,feature_gender_identity,Gender Identity,0.002165148617479249,2,True
312,feature_preferred_address_type,Preferred Address Type,0.0016360985368818423,3,True
313,feature_past_5yr_total_donation,Total Donation Amount (Past 5 Years),0.0011021843219671606,7,False
313,feature_past_5yr_average_donation,Average Donation Amount (Past 5 Years),0.001226492790702689,5,False
313,feature_past_5yr_donation_frequency_rate,Donation Frequency Rate (Past 5 Years),0.0005605250459834854,8,False
313,feature_years_since_last_donation_past_5yr,Years Since Most Recent Donation,0.0012170319649375512,6,False
313,feature_past_5yr_max_donation,Maximum Annual Donation Amount (Past 5 Years),0.0013430952252445325,4,True
313,donor_age,Donor Age,0.0026826695840034514,1,True
313,feature_gender_identity,Gender Identity,0.0021174376971777424,2,True
313,feature_preferred_address_type,Preferred Address Type,0.0016035110756748069,3,True
314,feature_past_5yr_total_donation,Total Donation Amount (Past 5 Years),0.001077069127034746,7,False
314,feature_past_5yr_average_donation,Average Donation Amount (Past 5 Years),0.0012147441679989214,5,False
314,feature_past_5yr_donation_frequency_rate,Donation Frequency Rate (Past 5 Years),0.0005435327329402612,8,False
314,feature_years_since_last_donation_past_5yr,Years Since Most Recent Donation,0.001186417544874282,6,False
314,feature_past_5yr_max_donation,Maximum Annual Donation Amount (Past 5 Years),0.0013173625839203056,4,True
314,donor_age,Donor Age,0.0026887549900409665,1,True
314,feature_gender_identity,Gender Identity,0.0021199882923004934,2,True
314,feature_preferred_address_type,Preferred Address Type,0.0016110079639121548,3,True
315,feature_past_5yr_total_donation,Total Donation Amount (Past 5 Years),0.0013379459702938742,6,False
315,feature_past_5yr_average_donation,Average Donation Amount (Past 5 Years),0.001465658428407259,5,False
315,feature_past_5yr_donation_frequency_rate,Donation Frequency Rate (Past 5 Years),0.0005792180803368649,8,False
315,feature_years_since_last_donation_past_5yr,Years Since Most Recent Donation,0.001260182289777607,7,False
315,feature_past_5yr_max_donation,Maximum Annual Donation Amount (Past 5 Years),0.001544160876509164,4,True
315,donor_age,Donor Age,0.002780339184322588,1,True
315,feature_gender_identity,Gender Identity,0.00218727553069244,2,True
315,feature_preferred_address_type,Preferred Address Type,0.0015965065346948079,3,True
316,feature_past_5yr_total_donation,Total Donation Amount (Past 5 Years),0.0010164474777861281,7,False
316,feature_past_5yr_average_donation,Average Donation Amount (Past 5 Years),0.0011405765212885248,6,False
316,feature_past_5yr_donation_frequency_rate,Donation Frequency Rate (Past 5 Years),0.0005488066869007305,8,False
316,feature_years_since_last_donation_past_5yr,Years Since Most Recent Donation,0.0011603477357897331,5,False
316,feature_past_5yr_max_donation,Maximum Annual Donation Amount (Past 5 Years),0.0012707633809991602,4,True
316,donor_age,Donor Age,0.002734978385851958,1,True
316,feature_gender_identity,Gender Identity,0.0021263165191271723,2,True
316,feature_preferred_address_type,Preferred Address Type,0.0015903176518120528,3,True
317,feature_past_5yr_total_donation,Total Donation Amount (Past 5 Years),0.0011702820111993758,7,False
317,feature_past_5yr_average_donation,Average Donation Amount (Past 5 Years),0.0012969643698619638,5,False
317,feature_past_5yr_donation_frequency_rate,Donation Frequency Rate (Past 5 Years),0.0005430600209853774,8,False
317,feature_years_since_last_donation_past_5yr,Years Since Most Recent Donation,0.0012012705158544273,6,False
317,feature_past_5yr_max_donation,Maximum Annual Donation Amount (Past 5 Years),0.0013448324303920484,4,True
317,donor_age,Donor Age,0.002732251083033128,1,True
317,feature_gender_identity,Gender Identity,0.0021611984579490468,2,True
317,feature_preferred_address_type,Preferred Address Type,0.0015610974994573368,3,True
318,feature_past_5yr_total_donation,Total Donation Amount (Past 5 Years),0.00108539970252734,7,False
318,feature_past_5yr_average_donation,Average Donation Amount (Past 5 Years),0.0012267871183768316,5,False
318,feature_past_5yr_donation_frequency_rate,Donation Frequency Rate (Past 5 Years),0.0005663636829226469,8,False
318,feature_years_since_last_donation_past_5yr,Years Since Most Recent Donation,0.0011997217853575253,6,False
318,feature_past_5yr_max_donation,Maximum Annual Donation Amount (Past 5 Years),0.0013005095943615353,4,True
318,donor_age,Donor Age,0.002676326134468028,1,True
318,feature_gender_identity,Gender Identity,0.0021149887496457543,2,True
318,feature_preferred_address_type,Preferred Address Type,0.0015735659584670705,3,True
319,feature_past_5yr_total_donation,Total Donation Amount (Past 5 Years),0.001062432958091638,7,False
319,feature_past_5yr_average_donation,Average Donation Amount (Past 5 Years),0.0011962444896575746,6,False
319,feature_past_5yr_donation_frequency_rate,Donation Frequency Rate (Past 5 Years),0.000533312279592296,8,False
319,feature_years_since_last_donation_past_5yr,Years Since Most Recent Donation,0.0012032198340588742,5,False
319,feature_past_5yr_max_donation,Maximum Annual Donation Amount (Past 5 Years),0.001301564560814886,4,True
319,donor_age,Donor Age,0.0029133342181732456,1,True
319,feature_gender_identity,Gender Identity,0.00212863004899389,2,True
319,feature_preferred_address_type,Preferred Address Type,0.0016481199786939696,3,True
320,feature_past_5yr_total_donation,Total Donation Amount (Past 5 Years),0.0011426418551062653,7,False
320,feature_past_5yr_average_donation,Average Donation Amount (Past 5 Years),0.0012827963223625968,5,False
320,feature_past_5yr_donation_frequency_rate,Donation Frequency Rate (Past 5 Years),0.0005599348602245366,8,False
320,feature_years_since_last_donation_past_5yr,Years Since Most Recent Donation,0.001204112472288077,6,False
320,feature_past_5yr_max_donation,Maximum Annual Donation Amount (Past 5 Years),0.0014138936915011162,4,True
320,donor_age,Donor Age,0.002706384846904629,1,True
320,feature_gender_identity,Gender Identity,0.002125912366374573,2,True
320,feature_preferred_address_type,Preferred Address Type,0.0015828936180282127,3,True
321,feature_past_5yr_total_donation,Total Donation Amount (Past 5 Years),0.001205342788834927,7,False
321,feature_past_5yr_average_donation,Average Donation Amount (Past 5 Years),0.0013368581444051135,5,False
321,feature_past_5yr_donation_frequency_rate,Donation Frequency Rate (Past 5 Years),0.0005721649905776086,8,False
321,feature_years_since_last_donation_past_5yr,Years Since Most Recent Donation,0.0012330142000774803,6,False
321,feature_past_5yr_max_donation,Maximum Annual Donation Amount (Past 5 Years),0.0013889159512954082,4,True
321,donor_age,Donor Age,0.002695787241562242,1,True
321,feature_gender_identity,Gender Identity,0.0021741621876071593,2,True
321,feature_preferred_address_type,Preferred Address Type,0.0015691758332430092,3,True
322,feature_past_5yr_total_donation,Total Donation Amount (Past 5 Years),0.0009973601438677706,7,False
322,feature_past_5yr_average_donation,Average Donation Amount (Past 5 Years),0.0011160873431404997,6,False
322,feature_past_5yr_donation_frequency_rate,Donation Frequency Rate (Past 5 Years),0.0005573702454884646,8,False
322,feature_years_since_last_donation_past_5yr,Years Since Most Recent Donation,0.001175497525224394,5,False
322,feature_past_5yr_max_donation,Maximum Annual Donation Amount (Past 5 Years),0.0012038492234142208,4,True
322,donor_age,Donor Age,0.002733633928700178,1,True
322,feature_gender_identity,Gender Identity,0.002117312591219349,2,True
322,feature_preferred_address_type,Preferred Address Type,0.0016214245875410002,3,True
323,feature_past_5yr_total_donation,Total Donation Amount (Past 5 Years),0.0011097519821406888,7,False
323,feature_past_5yr_average_donation,Average Donation Amount (Past 5 Years),0.0012231843395983553,5,False
323,feature_past_5yr_donation_frequency_rate,Donation Frequency Rate (Past 5 Years),0.0005448245152475056,8,False
323,feature_years_since_last_donation_past_5yr,Years Since Most Recent Donation,0.0011633699942188939,6,False
323,feature_past_5yr_max_donation,Maximum Annual Donation Amount (Past 5 Years),0.0013517447334441116,4,True
323,donor_age,Donor Age,0.00275354949293568,1,True
323,feature_gender_identity,Gender Identity,0.0021480890300208245,2,True
323,feature_preferred_address_type,Preferred Address Type,0.0016527256260813114,3,True
324,feature_past_5yr_total_donation,Total Donation Amount (Past 5 Years),0.0009051405064652964,7,False
324,feature_past_5yr_average_donation,Average Donation Amount (Past 5 Years),0.0010425019921392609,6,False
324,feature_past_5yr_donation_frequency_rate,Donation Frequency Rate (Past 5 Years),0.0005451513361246532,8,False
324,feature_years_since_last_donation_past_5yr,Years Since Most Recent Donation,0.0011584462210939834,5,False
324,feature_past_5yr_max_donation,Maximum Annual Donation Amount (Past 5 Years),0.0011656021637268547,4,True
324,donor_age,Donor Age,0.0027360138745863645,1,True
324,feature_gender_identity,Gender Identity,0.002080022437050443,2,True
324,feature_preferred_address_type,Preferred Address Type,0.0015345348683785405,3,True
325,feature_past_5yr_total_donation,Total Donation Amount (Past 5 Years),0.0012510200281658655,6,False
325,feature_past_5yr_average_donation,Average Donation Amount (Past 5 Years),0.001363442973918712,5,False
325,feature_past_5yr_donation_frequency_rate,Donation Frequency Rate (Past 5 Years),0.0005753513787509182,8,False
325,feature_years_since_last_donation_past_5yr,Years Since Most Recent Donation,0.001193046939117615,7,False
325,feature_past_5yr_max_donation,Maximum Annual Donation Amount (Past 5 Years),0.0014307465733573786,4,True
325,donor_age,Donor Age,0.00290540605485534,1,True
325,feature_gender_identity,Gender Identity,0.0021620721160958913,2,True
325,feature_preferred_address_type,Preferred Address Type,0.001611399870571695,3,True
326,feature_past_5yr_total_donation,Total Donation Amount (Past 5 Years),0.001092076585740114,7,False
326,feature_past_5yr_average_donation,Average Donation Amount (Past 5 Years),0.0012147843956270468,6,False
326,feature_past_5yr_donation_frequency_rate,Donation Frequency Rate (Past 5 Years),0.0005633308433624162,8,False
326,feature_years_since_last_donation_past_5yr,Years Since Most Recent Donation,0.0012255066277529314,5,False
326,feature_past_5yr_max_donation,Maximum Annual Donation Amount (Past 5 Years),0.0012901494932345756,4,True
326,donor_age,Donor Age,0.0028782125643318237,1,True
326,feature_gender_identity,Gender Identity,0.0021538510722171277,2,True
326,feature_preferred_address_type,Preferred Address Type,0.001643018324691135,3,True
327,feature_past_5yr_total_donation,Total Donation Amount (Past 5 Years),0.0009360079698401204,7,False
327,feature_past_5yr_average_donation,Average Donation Amount (Past 5 Years),0.0010802181248593926,6,False
327,feature_past_5yr_donation_frequency_rate,Donation Frequency Rate (Past 5 Years),0.0005526504364492743,8,False
327,feature_years_since_last_donation_past_5yr,Years Since Most Recent Donation,0.001176265461931022,5,False
327,feature_past_5yr_max_donation,Maximum Annual Donation Amount (Past 5 Years),0.0012140296177760958,4,True
327,donor_age,Donor Age,0.0028100260978624757,1,True
327,feature_gender_identity,Gender Identity,0.002133817030224292,2,True
327,feature_preferred_address_type,Preferred Address Type,0.0015659435838601121,3,True
328,feature_past_5yr_total_donation,Total Donation Amount (Past 5 Years),0.0012173358748568202,6,False
328,feature_past_5yr_average_donation,Average Donation Amount (Past 5 Years),0.0013361552274252612,5,False
328,feature_past_5yr_donation_frequency_rate,Donation Frequency Rate (Past 5 Years),0.0005644721730685645,8,False
328,feature_years_since_last_donation_past_5yr,Years Since Most Recent Donation,0.001179340116054364,7,False
328,feature_past_5yr_max_donation,Maximum Annual Donation Amount (Past 5 Years),0.0013893026905723665,4,True
328,donor_age,Donor Age,0.0025556619378599254,1,True
328,feature_gender_identity,Gender Identity,0.0020825185641296776,2,True
328,feature_preferred_address_type,Preferred Address Type,0.0015684154280176472,3,True
329,feature_past_5yr_total_donation,Total Donation Amount (Past 5 Years),0.0010008375666635035,7,False
329,feature_past_5yr_average_donation,Average Donation Amount (Past 5 Years),0.0011300723713825436,5,False
329,feature_past_5yr_donation_frequency_rate,Donation Frequency Rate (Past 5 Years),0.0005274717629667455,8,False
329,feature_years_since_last_donation_past_5yr,Years Since Most Recent Donation,0.0011173475155038745,6,False
329,feature_past_5yr_max_donation,Maximum Annual Donation Amount (Past 5 Years),0.0012341234367211048,4,True
329,donor_age,Donor Age,0.00278409849369877,1,True
329,feature_gender_identity,Gender Identity,0.0020764301429292554,2,True
329,feature_preferred_address_type,Preferred Address Type,0.001537928057976197,3,True
330,feature_past_5yr_total_donation,Total Donation Amount (Past 5 Years),0.001160957069785172,7,False
330,feature_past_5yr_average_donation,Average Donation Amount (Past 5 Years),0.0012715062458232454,5,False
330,feature_past_5yr_donation_frequency_rate,Donation Frequency Rate (Past 5 Years),0.0005611566549267119,8,False
330,feature_years_since_last_donation_past_5yr,Years Since Most Recent Donation,0.0011964374396013825,6,False
330,feature_past_5yr_max_donation,Maximum Annual Donation Amount (Past 5 Years),0.0013451044049864668,4,True
330,donor_age,Donor Age,0.0027812234371373114,1,True
330,feature_gender_identity,Gender Identity,0.0020846366620954084,2,True
330,feature_preferred_address_type,Preferred Address Type,0.0015953266450529368,3,True
331,feature_past_5yr_total_donation,Total Donation Amount (Past 5 Years),0.0012872547561094106,6,False
331,feature_past_5yr_average_donation,Average Donation Amount (Past 5 Years),0.0014171377047171687,5,False
331,feature_past_5yr_donation_frequency_rate,Donation Frequency Rate (Past 5 Years),0.000575674191465051,8,False
331,feature_years_since_last_donation_past_5yr,Years Since Most Recent Donation,0.0012138933198434048,7,False
331,feature_past_5yr_max_donation,Maximum Annual Donation Amount (Past 5 Years),0.0014770563108580273,4,True
331,donor_age,Donor Age,0.0026631151240777183,1,True
331,feature_gender_identity,Gender Identity,0.002093322262814837,2,True
331,feature_preferred_address_type,Preferred Address Type,0.0015930504202303509,3,True
332,feature_past_5yr_total_donation,Total Donation Amount (Past 5 Years),0.000817403699770938,7,False
332,feature_past_5yr_average_donation,Average Donation Amount (Past 5 Years),0.0009600036256916379,6,False
332,feature_past_5yr_donation_frequency_rate,Donation Frequency Rate (Past 5 Years),0.0005277975326229425,8,False
332,feature_years_since_last_donation_past_5yr,Years Since Most Recent Donation,0.0011589898423695752,4,True
332,feature_past_5yr_max_donation,Maximum Annual Donation Amount (Past 5 Years),0.0011421994971243063,5,False
332,donor_age,Donor Age,0.0026150108788111585,1,True
332,feature_gender_identity,Gender Identity,0.0020796274373710653,2,True
332,feature_preferred_address_type,Preferred Address Type,0.0015614176781998225,3,True
333,feature_past_5yr_total_donation,Total Donation Amount (Past 5 Years),0.000976748351562062,7,False
333,feature_past_5yr_average_donation,Average Donation Amount (Past 5 Years),0.001134756723559723,6,False
333,feature_past_5yr_donation_frequency_rate,Donation Frequency Rate (Past 5 Years),0.0005332605715413699,8,False
333,feature_years_since_last_donation_past_5yr,Years Since Most Recent Donation,0.0011696677742773721,5,False
333,feature_past_5yr_max_donation,Maximum Annual Donation Amount (Past 5 Years),0.0011832338099204162,4,True
333,donor_age,Donor Age,0.002567362504944878,1,True
333,feature_gender_identity,Gender Identity,0.0020723433674624064,2,True
333,feature_preferred_address_type,Preferred Address Type,0.0016115127798245318,3,True
334,feature_past_5yr_total_donation,Total Donation Amount (Past 5 Years),0.0011337319520533882,7,False
334,feature_past_5yr_average_donation,Average Donation Amount (Past 5 Years),0.001256548016734193,5,False
334,feature_past_5yr_donation_frequency_rate,Donation Frequency Rate (Past 5 Years),0.0005387306767057433,8,False
334,feature_years_since_last_donation_past_5yr,Years Since Most Recent Donation,0.0011982821363844707,6,False
334,feature_past_5yr_max_donation,Maximum Annual Donation Amount (Past 5 Years),0.001327579114244397,4,True
334,donor_age,Donor Age,0.0027894555272781115,1,True
334,feature_gender_identity,Gender Identity,0.0021333466673211206,2,True
334,feature_preferred_address_type,Preferred Address Type,0.0015992451415258449,3,True
335,feature_past_5yr_total_donation,Total Donation Amount (Past 5 Years),0.0012963342274330575,6,False
335,feature_past_5yr_average_donation,Average Donation Amount (Past 5 Years),0.001430822124784313,5,False
335,feature_past_5yr_donation_frequency_rate,Donation Frequency Rate (Past 5 Years),0.0005748247765261687,8,False
335,feature_years_since_last_donation_past_5yr,Years Since Most Recent Donation,0.001172504460326685,7,False
335,feature_past_5yr_max_donation,Maximum Annual Donation Amount (Past 5 Years),0.0014937292466819811,4,True
335,donor_age,Donor Age,0.0026593394983531406,1,True
335,feature_gender_identity,Gender Identity,0.0021146672774304733,2,True
335,feature_preferred_address_type,Preferred Address Type,0.0016566590890608767,3,True
336,feature_past_5yr_total_donation,Total Donation Amount (Past 5 Years),0.0010158555036852684,7,False
336,feature_past_5yr_average_donation,Average Donation Amount (Past 5 Years),0.0011496637564612213,6,False
336,feature_past_5yr_donation_frequency_rate,Donation Frequency Rate (Past 5 Years),0.0005455967839949838,8,False
336,feature_years_since_last_donation_past_5yr,Years Since Most Recent Donation,0.0011832381635405607,5,False
336,feature_past_5yr_max_donation,Maximum Annual Donation Amount (Past 5 Years),0.0012888616782706771,4,True
336,donor_age,Donor Age,0.0027312338327726638,1,True
336,feature_gender_identity,Gender Identity,0.002098590992857259,2,True
336,feature_preferred_address_type,Preferred Address Type,0.0015375945911054022,3,True
337,feature_past_5yr_total_donation,Total Donation Amount (Past 5 Years),0.0009756534749752155,7,False
337,feature_past_5yr_average_donation,Average Donation Amount (Past 5 Years),0.001108986739328925,6,False
337,feature_past_5yr_donation_frequency_rate,Donation Frequency Rate (Past 5 Years),0.0005349860716282709,8,False
337,feature_years_since_last_donation_past_5yr,Years Since Most Recent Donation,0.0011982537748752259,5,False
337,feature_past_5yr_max_donation,Maximum Annual Donation Amount (Past 5 Years),0.0012061411103515675,4,True
337,donor_age,Donor Age,0.002617972847199273,1,True
337,feature_gender_identity,Gender Identity,0.0020908419719461247,2,True
337,feature_preferred_address_type,Preferred Address Type,0.001555350924146833,3,True
338,feature_past_5yr_total_donation,Total Donation Amount (Past 5 Years),0.001049014124532202,7,False
338,feature_past_5yr_average_donation,Average Donation Amount (Past 5 Years),0.0011862588670414694,5,False
338,feature_past_5yr_donation_frequency_rate,Donation Frequency Rate (Past 5 Years),0.0005475086573279034,8,False
338,feature_years_since_last_donation_past_5yr,Years Since Most Recent Donation,0.001182686877920018,6,False
338,feature_past_5yr_max_donation,Maximum Annual Donation Amount (Past 5 Years),0.001249727582648297,4,True
338,donor_age,Donor Age,0.0027095406675036516,1,True
338,feature_gender_identity,Gender Identity,0.0020835093231824325,2,True
338,feature_preferred_address_type,Preferred Address Type,0.0016080352784151996,3,True
339,feature_past_5yr_total_donation,Total Donation Amount (Past 5 Years),0.0010399566269908985,7,False
339,feature_past_5yr_average_donation,Average Donation Amount (Past 5 Years),0.0011887104178911684,5,False
339,feature_past_5yr_donation_frequency_rate,Donation Frequency Rate (Past 5 Years),0.0005348408590679212,8,False
339,feature_years_since_last_donation_past_5yr,Years Since Most Recent Donation,0.0011604049212202011,6,False
339,feature_past_5yr_max_donation,Maximum Annual Donation Amount (Past 5 Years),0.0012946234679850905,4,True
339,donor_age,Donor Age,0.0028379298038932804,1,True
339,feature_gender_identity,Gender Identity,0.002152744233744992,2,True
339,feature_preferred_address_type,Preferred Address Type,0.0015562968513888784,3,True
340,feature_past_5yr_total_donation,Total Donation Amount (Past 5 Years),0.0010481489933106538,7,False
340,feature_past_5yr_average_donation,Average Donation Amount (Past 5 Years),0.0011773017885947747,6,False
340,feature_past_5yr_donation_frequency_rate,Donation Frequency Rate (Past 5 Years),0.0005776901728183992,8,False
340,feature_years_since_last_donation_past_5yr,Years Since Most Recent Donation,0.0011992929544458076,5,False
340,feature_past_5yr_max_donation,Maximum Annual Donation Amount (Past 5 Years),0.0012873795654440349,4,True
340,donor_age,Donor Age,0.002591553281620917,1,True
340,feature_gender_identity,Gender Identity,0.0021230709674367938,2,True
340,feature_preferred_address_type,Preferred Address Type,0.001608612559926802,3,True
341,feature_past_5yr_total_donation,Total Donation Amount (Past 5 Years),0.001117539876640077,7,False
341,feature_past_5yr_average_donation,Average Donation Amount (Past 5 Years),0.0012461418296222794,5,False
341,feature_past_5yr_donation_frequency_rate,Donation Frequency Rate (Past 5 Years),0.0005426632054330792,8,False
341,feature_years_since_last_donation_past_5yr,Years Since Most Recent Donation,0.0012007441859668007,6,False
341,feature_past_5yr_max_donation,Maximum Annual Donation Amount (Past 5 Years),0.001328492815058915,4,True
341,donor_age,Donor Age,0.0026784385668336495,1,True
341,feature_gender_identity,Gender Identity,0.002139759331219185,2,True
341,feature_preferred_address_type,Preferred Address Type,0.0016007791456260933,3,True
342,feature_past_5yr_total_donation,Total Donation Amount (Past 5 Years),0.0010784625353644898,7,False
342,feature_past_5yr_average_donation,Average Donation Amount (Past 5 Years),0.001214082391021614,5,False
342,feature_past_5yr_donation_frequency_rate,Donation Frequency Rate (Past 5 Years),0.0005352290760837652,8,False
342,feature_years_since_last_donation_past_5yr,Years Since Most Recent Donation,0.0011664515586133708,6,False
342,feature_past_5yr_max_donation,Maximum Annual Donation Amount (Past 5 Years),0.0013034011545053033,4,True
342,donor_age,Donor Age,0.002638651495339234,1,True
342,feature_gender_identity,Gender Identity,0.0020976294458139445,2,True
342,feature_preferred_address_type,Preferred Address Type,0.001593677565571371,3,True
343,feature_past_5yr_total_donation,Total Donation Amount (Past 5 Years),0.00126074134073689,6,False
343,feature_past_5yr_average_donation,Average Donation Amount (Past 5 Years),0.0014042206657359925,5,False
343,feature_past_5yr_donation_frequency_rate,Donation Frequency Rate (Past 5 Years),0.0005452120732397254,8,False
343,feature_years_since_last_donation_past_5yr,Years Since Most Recent Donation,0.001185207369909899,7,False
343,feature_past_5yr_max_donation,Maximum Annual Donation Amount (Past 5 Years),0.0014328060169964331,4,True
343,donor_age,Donor Age,0.0027480403773840877,1,True
343,feature_gender_identity,Gender Identity,0.0021180321483927,2,True
343,feature_preferred_address_type,Preferred Address Type,0.0016058119141797726,3,True
344,feature_past_5yr_total_donation,Total Donation Amount (Past 5 Years),0.001035735956727139,7,False
344,feature_past_5yr_average_donation,Average Donation Amount (Past 5 Years),0.001154751001168015,5,False
344,feature_past_5yr_donation_frequency_rate,Donation Frequency Rate (Past 5 Years),0.0005547984806986443,8,False
344,feature_years_since_last_donation_past_5yr,Years Since Most Recent Donation,0.0011488814892659893,6,False
344,feature_past_5yr_max_donation,Maximum Annual Donation Amount (Past 5 Years),0.0012716671492739758,4,True
344,donor_age,Donor Age,0.0026170837999144256,1,True
344,feature_gender_identity,Gender Identity,0.0021026500660280057,2,True
344,feature_preferred_address_type,Preferred Address Type,0.0016154683296637615,3,True
345,feature_past_5yr_total_donation,Total Donation Amount (Past 5 Years),0.0010094397614714896,7,False
345,feature_past_5yr_average_donation,Average Donation Amount (Past 5 Years),0.001154283431272679,6,False
345,feature_past_5yr_donation_frequency_rate,Donation Frequency Rate (Past 5 Years),0.0005411961045542645,8,False
345,feature_years_since_last_donation_past_5yr,Years Since Most Recent Donation,0.0012261323017984521,5,False
345,feature_past_5yr_max_donation,Maximum Annual Donation Amount (Past 5 Years),0.0012589188400852626,4,True
345,donor_age,Donor Age,0.0027230774214791723,1,True
345,feature_gender_identity,Gender Identity,0.002135265048705544,2,True
345,feature_preferred_address_type,Preferred Address Type,0.0015151660107822805,3,True
346,feature_past_5yr_total_donation,Total Donation Amount (Past 5 Years),0.001196749724028549,6,False
346,feature_past_5yr_average_donation,Average Donation Amount (Past 5 Years),0.0013167380937844492,5,False
346,feature_past_5yr_donation_frequency_rate,Donation Frequency Rate (Past 5 Years),0.0005512776847593654,8,False
346,feature_years_since_last_donation_past_5yr,Years Since Most Recent Donation,0.0011777599917584306,7,False
346,feature_past_5yr_max_donation,Maximum Annual Donation Amount (Past 5 Years),0.0013843880190589724,4,True
346,donor_age,Donor Age,0.0028116010167140203,1,True
346,feature_gender_identity,Gender Identity,0.0021195874354389683,2,True
346,feature_preferred_address_type,Preferred Address Type,0.0016467753715878404,3,True
347,feature_past_5yr_total_donation,Total Donation Amount (Past 5 Years),0.0012018400168418858,6,False
347,feature_past_5yr_average_donation,Average Donation Amount (Past 5 Years),0.001328781690192546,5,False
347,feature_past_5yr_donation_frequency_rate,Donation Frequency Rate (Past 5 Years),0.000565128753520284,8,False
347,feature_years_since_last_donation_past_5yr,Years Since Most Recent Donation,0.0011785901751646772,7,False
347,feature_past_5yr_max_donation,Maximum Annual Donation Amount (Past 5 Years),0.001358123154693751,4,True
347,donor_age,Donor Age,0.00270286311975283,1,True
347,feature_gender_identity,Gender Identity,0.0020984233487476175,2,True
347,feature_preferred_address_type,Preferred Address Type,0.0015882026935959868,3,True
348,feature_past_5yr_total_donation,Total Donation Amount (Past 5 Years),0.0011170291037460413,7,False
348,feature_past_5yr_average_donation,Average Donation Amount (Past 5 Years),0.0012470840665365114,5,False
348,feature_past_5yr_donation_frequency_rate,Donation Frequency Rate (Past 5 Years),0.0005533656438169698,8,False
348,feature_years_since_last_donation_past_5yr,Years Since Most Recent Donation,0.0011937773839751885,6,False
348,feature_past_5yr_max_donation,Maximum Annual Donation Amount (Past 5 Years),0.0013390442742399447,4,True
348,donor_age,Donor Age,0.0027737108202201405,1,True
348,feature_gender_identity,Gender Identity,0.0021437738968302406,2,True
348,feature_preferred_address_type,Preferred Address Type,0.0015909601595585298,3,True
349,feature_past_5yr_total_donation,Total Donation Amount (Past 5 Years),0.0010097954852758316,7,False
349,feature_past_5yr_average_donation,Average Donation Amount (Past 5 Years),0.0011371279085401794,6,False
349,feature_past_5yr_donation_frequency_rate,Donation Frequency Rate (Past 5 Years),0.0005671997317315839,8,False
349,feature_years_since_last_donation_past_5yr,Years Since Most Recent Donation,0.0011768184400780142,5,False
349,feature_past_5yr_max_donation,Maximum Annual Donation Amount (Past 5 Years),0.0012464454190298068,4,True
349,donor_age,Donor Age,0.002718702887660891,1,True
349,feature_gender_identity,Gender Identity,0.002133036245987595,2,True
349,feature_preferred_address_type,Preferred Address Type,0.001633044571909165,3,True
350,feature_past_5yr_total_donation,Total Donation Amount (Past 5 Years),0.001121559198819569,7,False
350,feature_past_5yr_average_donation,Average Donation Amount (Past 5 Years),0.0012584937976871334,5,False
350,feature_past_5yr_donation_frequency_rate,Donation Frequency Rate (Past 5 Years),0.0005420114001279467,8,False
350,feature_years_since_last_donation_past_5yr,Years Since Most Recent Donation,0.0011883257344457374,6,False
350,feature_past_5yr_max_donation,Maximum Annual Donation Amount (Past 5 Years),0.0013310445928224085,4,True
350,donor_age,Donor Age,0.0026694110702450416,1,True
350,feature_gender_identity,Gender Identity,0.002108462230204818,2,True
350,feature_preferred_address_type,Preferred Address Type,0.0016151382643645772,3,True
351,feature_past_5yr_total_donation,Total Donation Amount (Past 5 Years),0.0010490224376968043,7,False
351,feature_past_5yr_average_donation,Average Donation Amount (Past 5 Years),0.001170745752924291,6,False
351,feature_past_5yr_donation_frequency_rate,Donation Frequency Rate (Past 5 Years),0.0005690210162704826,8,False
351,feature_years_since_last_donation_past_5yr,Years Since Most Recent Donation,0.0011757682705362728,5,False
351,feature_past_5yr_max_donation,Maximum Annual Donation Amount (Past 5 Years),0.0013133023132790942,4,True
351,donor_age,Donor Age,0.0027462996702270546,1,True
351,feature_gender_identity,Gender Identity,0.002121737561606755,2,True
351,feature_preferred_address_type,Preferred Address Type,0.001548626123934039,3,True
352,feature_past_5yr_total_donation,Total Donation Amount (Past 5 Years),0.0010586728445670776,7,False
352,feature_past_5yr_average_donation,Average Donation Amount (Past 5 Years),0.0011680877915190918,5,False
352,feature_past_5yr_donation_frequency_rate,Donation Frequency Rate (Past 5 Years),0.0005386314005880503,8,False
352,feature_years_since_last_donation_past_5yr,Years Since Most Recent Donation,0.0011453810949888746,6,False
352,feature_past_5yr_max_donation,Maximum Annual Donation Amount (Past 5 Years),0.0012726129000863585,4,True
352,donor_age,Donor Age,0.0026759101934786954,1,True
352,feature_gender_identity,Gender Identity,0.0020711511976109222,2,True
352,feature_preferred_address_type,Preferred Address Type,0.0016212072073254918,3,True
353,feature_past_5yr_total_donation,Total Donation Amount (Past 5 Years),0.0010604001969293643,7,False
353,feature_past_5yr_average_donation,Average Donation Amount (Past 5 Years),0.001171636996686204,6,False
353,feature_past_5yr_donation_frequency_rate,Donation Frequency Rate (Past 5 Years),0.0005573799977538062,8,False
353,feature_years_since_last_donation_past_5yr,Years Since Most Recent Donation,0.0011941884643806619,5,False
353,feature_past_5yr_max_donation,Maximum Annual Donation Amount (Past 5 Years),0.0012912060287091816,4,True
353,donor_age,Donor Age,0.0026200343368122958,1,True
353,feature_gender_identity,Gender Identity,0.0020937892873546383,2,True
353,feature_preferred_address_type,Preferred Address Type,0.001606459249702895,3,True
354,feature_past_5yr_total_donation,Total Donation Amount (Past 5 Years),0.001181222451053946,6,False
354,feature_past_5yr_average_donation,Average Donation Amount (Past 5 Years),0.0013002218830829978,5,False
354,feature_past_5yr_donation_frequency_rate,Donation Frequency Rate (Past 5 Years),0.0005482661868018008,8,False
354,feature_years_since_last_donation_past_5yr,Years Since Most Recent Donation,0.0011630501031966779,7,False
354,feature_past_5yr_max_donation,Maximum Annual Donation Amount (Past 5 Years),0.001388097930195268,4,True
354,donor_age,Donor Age,0.0026950947369376796,1,True
354,feature_gender_identity,Gender Identity,0.0020727682486608025,2,True
354,feature_preferred_address_type,Preferred Address Type,0.0015775843177987163,3,True
355,feature_past_5yr_total_donation,Total Donation Amount (Past 5 Years),0.0010450213748572587,7,False
355,feature_past_5yr_average_donation,Average Donation Amount (Past 5 Years),0.0011859975871877874,6,False
355,feature_past_5yr_donation_frequency_rate,Donation Frequency Rate (Past 5 Years),0.0005548552222291185,8,False
355,feature_years_since_last_donation_past_5yr,Years Since Most Recent Donation,0.0012116179002087766,5,False
355,feature_past_5yr_max_donation,Maximum Annual Donation Amount (Past 5 Years),0.001255884078874888,4,True
355,donor_age,Donor Age,0.002753478221854681,1,True
355,feature_gender_identity,Gender Identity,0.00211397384639839,2,True
355,feature_preferred_address_type,Preferred Address Type,0.0016090382192342535,3,True
356,feature_past_5yr_total_donation,Total Donation Amount (Past 5 Years),0.0010550011214629585,7,False
356,feature_past_5yr_average_donation,Average Donation Amount (Past 5 Years),0.0011887035855789047,6,False
356,feature_past_5yr_donation_frequency_rate,Donation Frequency Rate (Past 5 Years),0.0005446836650571476,8,False
356,feature_years_since_last_donation_past_5yr,Years Since Most Recent Donation,0.0012037519233134507,5,False
356,feature_past_5yr_max_donation,Maximum Annual Donation Amount (Past 5 Years),0.0013360781880798068,4,True
356,donor_age,Donor Age,0.002782965953873033,1,True
356,feature_gender_identity,Gender Identity,0.002106990254910133,2,True
356,feature_preferred_address_type,Preferred Address Type,0.001620494279404793,3,True
357,feature_past_5yr_total_donation,Total Donation Amount (Past 5 Years),0.0011022154368518402,7,False
357,feature_past_5yr_average_donation,Average Donation Amount (Past 5 Years),0.001226116133537923,5,False
357,feature_past_5yr_donation_frequency_rate,Donation Frequency Rate (Past 5 Years),0.0005507279055794372,8,False
357,feature_years_since_last_donation_past_5yr,Years Since Most Recent Donation,0.0011900044232188713,6,False
357,feature_past_5yr_max_donation,Maximum Annual Donation Amount (Past 5 Years),0.0013103610044063673,4,True
357,donor_age,Donor Age,0.0026692694314853368,1,True
357,feature_gender_identity,Gender Identity,0.0021014188145363254,2,True
357,feature_preferred_address_type,Preferred Address Type,0.001551881038100716,3,True
358,feature_past_5yr_total_donation,Total Donation Amount (Past 5 Years),0.0012568663019250775,6,False
358,feature_past_5yr_average_donation,Average Donation Amount (Past 5 Years),0.00138269814058082,5,False
358,feature_past_5yr_donation_frequency_rate,Donation Frequency Rate (Past 5 Years),0.000568427176296622,8,False
358,feature_years_since_last_donation_past_5yr,Years Since Most Recent Donation,0.0012235396091584084,7,False
358,feature_past_5yr_max_donation,Maximum Annual Donation Amount (Past 5 Years),0.0014429419636307907,4,True
358,donor_age,Donor Age,0.0026594190670400507,1,True
358,feature_gender_identity,Gender Identity,0.002117090608966377,2,True
358,feature_preferred_address_type,Preferred Address Type,0.0016404975266787662,3,True
359,feature_past_5yr_total_donation,Total Donation Amount (Past 5 Years),0.0010219420322055215,7,False
359,feature_past_5yr_average_donation,Average Donation Amount (Past 5 Years),0.0011611398953219718,6,False
359,feature_past_5yr_donation_frequency_rate,Donation Frequency Rate (Past 5 Years),0.0005714569612992872,8,False
359,feature_years_since_last_donation_past_5yr,Years Since Most Recent Donation,0.0012166852951666996,5,False
359,feature_past_5yr_max_donation,Maximum Annual Donation Amount (Past 5 Years),0.001261116419630148,4,True
359,donor_age,Donor Age,0.002784732628508304,1,True
359,feature_gender_identity,Gender Identity,0.002118379969656764,2,True
359,feature_preferred_address_type,Preferred Address Type,0.0016153822772157521,3,True
360,feature_past_5yr_total_donation,Total Donation Amount (Past 5 Years),0.0010621704587342544,7,False
360,feature_past_5yr_average_donation,Average Donation Amount (Past 5 Years),0.00117827550994132,5,False
360,feature_past_5yr_donation_frequency_rate,Donation Frequency Rate (Past 5 Years),0.0005672252605877022,8,False
360,feature_years_since_last_donation_past_5yr,Years Since Most Recent Donation,0.0011584928380938512,6,False
360,feature_past_5yr_max_donation,Maximum Annual Donation Amount (Past 5 Years),0.0012851250616636295,4,True
360,donor_age,Donor Age,0.002775380182010441,1,True
360,feature_gender_identity,Gender Identity,0.002118014273930285,2,True
360,feature_preferred_address_type,Preferred Address Type,0.001587205980982843,3,True
361,feature_past_5yr_total_donation,Total Donation Amount (Past 5 Years),0.0011533314673400927,7,False
361,feature_past_5yr_average_donation,Average Donation Amount (Past 5 Years),0.001281002884802104,5,False
361,feature_past_5yr_donation_frequency_rate,Donation Frequency Rate (Past 5 Years),0.0005784400002814863,8,False
361,feature_years_since_last_donation_past_5yr,Years Since Most Recent Donation,0.0011739685253266954,6,False
361,feature_past_5yr_max_donation,Maximum Annual Donation Amount (Past 5 Years),0.0013772713456234361,4,True
361,donor_age,Donor Age,0.002722721684133746,1,True
361,feature_gender_identity,Gender Identity,0.0021324913863511323,2,True
361,feature_preferred_address_type,Preferred Address Type,0.0015961821848197088,3,True
362,feature_past_5yr_total_donation,Total Donation Amount (Past 5 Years),0.0011498175834954115,7,False
362,feature_past_5yr_average_donation,Average Donation Amount (Past 5 Years),0.0012767963603646528,5,False
362,feature_past_5yr_donation_frequency_rate,Donation Frequency Rate (Past 5 Years),0.0005228363723887613,8,False
362,feature_years_since_last_donation_past_5yr,Years Since Most Recent Donation,0.0011755597650081352,6,False
362,feature_past_5yr_max_donation,Maximum Annual Donation Amount (Past 5 Years),0.001316805053403356,4,True
362,donor_age,Donor Age,0.0026750212185895073,1,True
362,feature_gender_identity,Gender Identity,0.0020855154747361454,2,True
362,feature_preferred_address_type,Preferred Address Type,0.0016687551190081359,3,True
363,feature_past_5yr_total_donation,Total Donation Amount (Past 5 Years),0.0010438720164750255,7,False
363,feature_past_5yr_average_donation,Average Donation Amount (Past 5 Years),0.0011571689679557196,5,False
363,feature_past_5yr_donation_frequency_rate,Donation Frequency Rate (Past 5 Years),0.0005494231093172526,8,False
363,feature_years_since_last_donation_past_5yr,Years Since Most Recent Donation,0.0011501188310727923,6,False
363,feature_past_5yr_max_donation,Maximum Annual Donation Amount (Past 5 Years),0.0012923751301643855,4,True
363,donor_age,Donor Age,0.0027354839569854773,1,True
363,feature_gender_identity,Gender Identity,0.0021326659243701574,2,True
363,feature_preferred_address_type,Preferred Address Type,0.001606145153283122,3,True
364,feature_past_5yr_total_donation,Total Donation Amount (Past 5 Years),0.0011372091853252145,7,False
364,feature_past_5yr_average_donation,Average Donation Amount (Past 5 Years),0.0012762867887804253,5,False
364,feature_past_5yr_donation_frequency_rate,Donation Frequency Rate (Past 5 Years),0.0005593045957820889,8,False
364,feature_years_since_last_donation_past_5yr,Years Since Most Recent Donation,0.001202258960937276,6,False
364,feature_past_5yr_max_donation,Maximum Annual Donation Amount (Past 5 Years),0.0013584605725600507,4,True
364,donor_age,Donor Age,0.0027209955114728956,1,True
364,feature_gender_identity,Gender Identity,0.0021058331068144146,2,True
364,feature_preferred_address_type,Preferred Address Type,0.0016210314421225686,3,True
365,feature_past_5yr_total_donation,Total Donation Amount (Past 5 Years),0.0010930638544981908,7,False
365,feature_past_5yr_average_donation,Average Donation Amount (Past 5 Years),0.0012070030847651817,5,False
365,feature_past_5yr_donation_frequency_rate,Donation Frequency Rate (Past 5 Years),0.00052887481201307,8,False
365,feature_years_since_last_donation_past_5yr,Years Since Most Recent Donation,0.0011358603942667736,6,False
365,feature_past_5yr_max_donation,Maximum Annual Donation Amount (Past 5 Years),0.0013033686207658821,4,True
365,donor_age,Donor Age,0.0025457632218858807,1,True
365,feature_gender_identity,Gender Identity,0.0021007938814906826,2,True
365,feature_preferred_address_type,Preferred Address Type,0.0015881138854756582,3,True
366,feature_past_5yr_total_donation,Total Donation Amount (Past 5 Years),0.0009724733994609612,7,False
366,feature_past_5yr_average_donation,Average Donation Amount (Past 5 Years),0.0011037333715637455,6,False
366,feature_past_5yr_donation_frequency_rate,Donation Frequency Rate (Past 5 Years),0.0005485418909938851,8,False
366,feature_years_since_last_donation_past_5yr,Years Since Most Recent Donation,0.0011698163113286252,5,False
366,feature_past_5yr_max_donation,Maximum Annual Donation Amount (Past 5 Years),0.0011783515559197837,4,True
366,donor_age,Donor Age,0.002745021059938383,1,True
366,feature_gender_identity,Gender Identity,0.0021051454408378837,2,True
366,feature_preferred_address_type,Preferred Address Type,0.0016611537525761015,3,True
367,feature_past_5yr_total_donation,Total Donation Amount (Past 5 Years),0.0010407602824252316,7,False
367,feature_past_5yr_average_donation,Average Donation Amount (Past 5 Years),0.0011857102540984285,6,False
367,feature_past_5yr_donation_frequency_rate,Donation Frequency Rate (Past 5 Years),0.0005626001643988567,8,False
367,feature_years_since_last_donation_past_5yr,Years Since Most Recent Donation,0.0012391788143061124,5,False
367,feature_past_5yr_max_donation,Maximum Annual Donation Amount (Past 5 Years),0.0013162257151735537,4,True
367,donor_age,Donor Age,0.0026947412327268756,1,True
367,feature_gender_identity,Gender Identity,0.0021326152217474676,2,True
367,feature_preferred_address_type,Preferred Address Type,0.0016100622642151738,3,True
368,feature_past_5yr_total_donation,Total Donation Amount (Past 5 Years),0.0010403806545575098,7,False
368,feature_past_5yr_average_donation,Average Donation Amount (Past 5 Years),0.0011748005449033455,5,False
368,feature_past_5yr_donation_frequency_rate,Donation Frequency Rate (Past 5 Years),0.0005334573418300485,8,False
368,feature_years_since_last_donation_past_5yr,Years Since Most Recent Donation,0.001140530453429473,6,False
368,feature_past_5yr_max_donation,Maximum Annual Donation Amount (Past 5 Years),0.001279993631763791,4,True
368,donor_age,Donor Age,0.0027602590698170403,1,True
368,feature_gender_identity,Gender Identity,0.0021079340323354296,2,True
368,feature_preferred_address_type,Preferred Address Type,0.0015649682245087297,3,True
369,feature_past_5yr_total_donation,Total Donation Amount (Past 5 Years),0.0011750913185795734,7,False
369,feature_past_5yr_average_donation,Average Donation Amount (Past 5 Years),0.0012937830761308277,5,False
369,feature_past_5yr_donation_frequency_rate,Donation Frequency Rate (Past 5 Years),0.0005423589184825368,8,False
369,feature_years_since_last_donation_past_5yr,Years Since Most Recent Donation,0.0012503767639340923,6,False
369,feature_past_5yr_max_donation,Maximum Annual Donation Amount (Past 5 Years),0.0014191546755787847,4,True
369,donor_age,Donor Age,0.0026398149864170525,1,True
369,feature_gender_identity,Gender Identity,0.0021537224813659387,2,True
369,feature_preferred_address_type,Preferred Address Type,0.0016166114550424163,3,True
370,feature_past_5yr_total_donation,Total Donation Amount (Past 5 Years),0.0010161202436966938,7,False
370,feature_past_5yr_average_donation,Average Donation Amount (Past 5 Years),0.001162132160932543,6,False
370,feature_past_5yr_donation_frequency_rate,Donation Frequency Rate (Past 5 Years),0.0005543589546484537,8,False
370,feature_years_since_last_donation_past_5yr,Years Since Most Recent Donation,0.0012169393377636116,5,False
370,feature_past_5yr_max_donation,Maximum Annual Donation Amount (Past 5 Years),0.0013139606056287757,4,True
370,donor_age,Donor Age,0.002704863629568234,1,True
370,feature_gender_identity,Gender Identity,0.002078217407401559,2,True
370,feature_preferred_address_type,Preferred Address Type,0.0015920096249278921,3,True
371,feature_past_5yr_total_donation,Total Donation Amount (Past 5 Years),0.001151469751408376,7,False
371,feature_past_5yr_average_donation,Average Donation Amount (Past 5 Years),0.0012809528197952045,5,False
371,feature_past_5yr_donation_frequency_rate,Donation Frequency Rate (Past 5 Years),0.0005782098904181975,8,False
371,feature_years_since_last_donation_past_5yr,Years Since Most Recent Donation,0.001223370001175264,6,False
371,feature_past_5yr_max_donation,Maximum Annual Donation Amount (Past 5 Years),0.0013583183784211844,4,True
371,donor_age,Donor Age,0.0026188781626718316,1,True
371,feature_gender_identity,Gender Identity,0.0020612203436655915,2,True
371,feature_preferred_address_type,Preferred Address Type,0.0016482939339928818,3,True
372,feature_past_5yr_total_donation,Total Donation Amount (Past 5 Years),0.0011294809572799428,7,False
372,feature_past_5yr_average_donation,Average Donation Amount (Past 5 Years),0.0012688664126226862,5,False
372,feature_past_5yr_donation_frequency_rate,Donation Frequency Rate (Past 5 Years),0.0005805668192249818,8,False
372,feature_years_since_last_donation_past_5yr,Years Since Most Recent Donation,0.001247528154939296,6,False
372,feature_past_5yr_max_donation,Maximum Annual Donation Amount (Past 5 Years),0.0013856234588601728,4,True
372,donor_age,Donor Age,0.00275058411505949,1,True
372,feature_gender_identity,Gender Identity,0.0021193789900246043,2,True
372,feature_preferred_address_type,Preferred Address Type,0.0016072813898568498,3,True
373,feature_past_5yr_total_donation,Total Donation Amount (Past 5 Years),0.0009789121405442086,7,False
373,feature_past_5yr_average_donation,Average Donation Amount (Past 5 Years),0.0010994730075413262,6,False
373,feature_past_5yr_donation_frequency_rate,Donation Frequency Rate (Past 5 Years),0.0005564969999432757,8,False
373,feature_years_since_last_donation_past_5yr,Years Since Most Recent Donation,0.0011385124571777875,5,False
373,feature_past_5yr_max_donation,Maximum Annual Donation Amount (Past 5 Years),0.0012836507023549757,4,True
373,donor_age,Donor Age,0.0026168585674392814,1,True
373,feature_gender_identity,Gender Identity,0.002128811013595366,2,True
373,feature_preferred_address_type,Preferred Address Type,0.0016064454395239318,3,True
374,feature_past_5yr_total_donation,Total Donation Amount (Past 5 Years),0.0010439040503650437,7,False
374,feature_past_5yr_average_donation,Average Donation Amount (Past 5 Years),0.0011641718947565467,6,False
374,feature_past_5yr_donation_frequency_rate,Donation Frequency Rate (Past 5 Years),0.0005526162014675364,8,False
374,feature_years_since_last_donation_past_5yr,Years Since Most Recent Donation,0.001197095202373276,5,False
374,feature_past_5yr_max_donation,Maximum Annual Donation Amount (Past 5 Years),0.0012793656273193791,4,True
374,donor_age,Donor Age,0.0028079363669666064,1,True
374,feature_gender_identity,Gender Identity,0.002164619483801633,2,True
374,feature_preferred_address_type,Preferred Address Type,0.0015712109110845615,3,True
375,feature_past_5yr_total_donation,Total Donation Amount (Past 5 Years),0.0010350176748329027,7,False
375,feature_past_5yr_average_donation,Average Donation Amount (Past 5 Years),0.0011854638015376799,5,False
375,feature_past_5yr_donation_frequency_rate,Donation Frequency Rate (Past 5 Years),0.0005447143470058418,8,False
375,feature_years_since_last_donation_past_5yr,Years Since Most Recent Donation,0.0011671451887730183,6,False
375,feature_past_5yr_max_donation,Maximum Annual Donation Amount (Past 5 Years),0.0012681582423397669,4,True
375,donor_age,Donor Age,0.002687892665515785,1,True
375,feature_gender_identity,Gender Identity,0.002102824577579112,2,True
375,feature_preferred_address_type,Preferred Address Type,0.0016019413541234259,3,True
376,feature_past_5yr_total_donation,Total Donation Amount (Past 5 Years),0.0010830008454816508,7,False
376,feature_past_5yr_average_donation,Average Donation Amount (Past 5 Years),0.0012068250536533178,5,False
376,feature_past_5yr_donation_frequency_rate,Donation Frequency Rate (Past 5 Years),0.0005468027039857167,8,False
376,feature_years_since_last_donation_past_5yr,Years Since Most Recent Donation,0.0011447486344235834,6,False
376,feature_past_5yr_max_donation,Maximum Annual Donation Amount (Past 5 Years),0.0013230454613141075,4,True
376,donor_age,Donor Age,0.0028245619835529008,1,True
376,feature_gender_identity,Gender Identity,0.0020898961041028157,2,True
376,feature_preferred_address_type,Preferred Address Type,0.001569660457191684,3,True
377,feature_past_5yr_total_donation,Total Donation Amount (Past 5 Years),0.001071486630653392,7,False
377,feature_past_5yr_average_donation,Average Donation Amount (Past 5 Years),0.0011998371133525657,5,False
377,feature_past_5yr_donation_frequency_rate,Donation Frequency Rate (Past 5 Years),0.0005464266619507387,8,False
377,feature_years_since_last_donation_past_5yr,Years Since Most Recent Donation,0.0011824704819170557,6,False
377,feature_past_5yr_max_donation,Maximum Annual Donation Amount (Past 5 Years),0.0013363564463177893,4,True
377,donor_age,Donor Age,0.0026571592501614346,1,True
377,feature_gender_identity,Gender Identity,0.0021080946924242087,2,True
377,feature_preferred_address_type,Preferred Address Type,0.0015944845492224544,3,True
378,feature_past_5yr_total_donation,Total Donation Amount (Past 5 Years),0.001190474662877111,7,False
378,feature_past_5yr_average_donation,Average Donation Amount (Past 5 Years),0.0013195397802653129,5,False
378,feature_past_5yr_donation_frequency_rate,Donation Frequency Rate (Past 5 Years),0.0005582325453397652,8,False
378,feature_years_since_last_donation_past_5yr,Years Since Most Recent Donation,0.0012484829001769052,6,False
378,feature_past_5yr_max_donation,Maximum Annual Donation Amount (Past 5 Years),0.0014099051429355498,4,True
378,donor_age,Donor Age,0.0027226012537412375,1,True
378,feature_gender_identity,Gender Identity,0.00212318691127327,2,True
378,feature_preferred_address_type,Preferred Address Type,0.0016222391649204297,3,True
379,feature_past_5yr_total_donation,Total Donation Amount (Past 5 Years),0.0013045147685102102,6,False
379,feature_past_5yr_average_donation,Average Donation Amount (Past 5 Years),0.0014205312871057333,5,False
379,feature_past_5yr_donation_frequency_rate,Donation Frequency Rate (Past 5 Years),0.0005513182783363566,8,False
379,feature_years_since_last_donation_past_5yr,Years Since Most Recent Donation,0.0012151918775191641,7,False
379,feature_past_5yr_max_donation,Maximum Annual Donation Amount (Past 5 Years),0.0014506553769826614,4,True
379,donor_age,Donor Age,0.0027409386213243987,1,True
379,feature_gender_identity,Gender Identity,0.002140860459690784,2,True
379,feature_preferred_address_type,Preferred Address Type,0.0016320216196871846,3,True
380,feature_past_5yr_total_donation,Total Donation Amount (Past 5 Years),0.0009891870013673395,7,False
380,feature_past_5yr_average_donation,Average Donation Amount (Past 5 Years),0.0011269708771722137,6,False
380,feature_past_5yr_donation_frequency_rate,Donation Frequency Rate (Past 5 Years),0.000524491723820182,8,False
380,feature_years_since_last_donation_past_5yr,Years Since Most Recent Donation,0.0011562299749905069,5,False
380,feature_past_5yr_max_donation,Maximum Annual Donation Amount (Past 5 Years),0.0012210239001311698,4,True
380,donor_age,Donor Age,0.002746006369376488,1,True
380,feature_gender_identity,Gender Identity,0.0021280140272802476,2,True
380,feature_preferred_address_type,Preferred Address Type,0.0016014623034288802,3,True
381,feature_past_5yr_total_donation,Total Donation Amount (Past 5 Years),0.0011155247798615895,7,False
381,feature_past_5yr_average_donation,Average Donation Amount (Past 5 Years),0.0012467278885505803,5,False
381,feature_past_5yr_donation_frequency_rate,Donation Frequency Rate (Past 5 Years),0.0005545148238129804,8,False
381,feature_years_since_last_donation_past_5yr,Years Since Most Recent Donation,0.0012283694925337757,6,False
381,feature_past_5yr_max_donation,Maximum Annual Donation Amount (Past 5 Years),0.001323732544926868,4,True
381,donor_age,Donor Age,0.0027497703569924086,1,True
381,feature_gender_identity,Gender Identity,0.0021018704619838974,2,True
381,feature_preferred_address_type,Preferred Address Type,0.001582940448679,3,True
382,feature_past_5yr_total_donation,Total Donation Amount (Past 5 Years),0.0011074234763410753,7,False
382,feature_past_5yr_average_donation,Average Donation Amount (Past 5 Years),0.001226685841807321,5,False
382,feature_past_5yr_donation_frequency_rate,Donation Frequency Rate (Past 5 Years),0.0005714654679229148,8,False
382,feature_years_since_last_donation_past_5yr,Years Since Most Recent Donation,0.0011919155823264971,6,False
382,feature_past_5yr_max_donation,Maximum Annual Donation Amount (Past 5 Years),0.001355015806728447,4,True
382,donor_age,Donor Age,0.0026140182708252854,1,True
382,feature_gender_identity,Gender Identity,0.0021742117158660306,2,True
382,feature_preferred_address_type,Preferred Address Type,0.0015998047164895966,3,True
383,feature_past_5yr_total_donation,Total Donation Amount (Past 5 Years),0.0010000180754065455,7,False
383,feature_past_5yr_average_donation,Average Donation Amount (Past 5 Years),0.0011432278653984904,6,False
383,feature_past_5yr_donation_frequency_rate,Donation Frequency Rate (Past 5 Years),0.0005649745205556191,8,False
383,feature_years_since_last_donation_past_5yr,Years Since Most Recent Donation,0.001185513650989128,5,False
383,feature_past_5yr_max_donation,Maximum Annual Donation Amount (Past 5 Years),0.001261398907961959,4,True
383,donor_age,Donor Age,0.0027472082510330608,1,True
383,feature_gender_identity,Gender Identity,0.0021314953774256126,2,True
383,feature_preferred_address_type,Preferred Address Type,0.0016014949701363772,3,True
384,feature_past_5yr_total_donation,Total Donation Amount (Past 5 Years),0.0010692716399403317,7,False
384,feature_past_5yr_average_donation,Average Donation Amount (Past 5 Years),0.0011776503273273765,6,False
384,feature_past_5yr_donation_frequency_rate,Donation Frequency Rate (Past 5 Years),0.0005582040290982609,8,False
384,feature_years_since_last_donation_past_5yr,Years Since Most Recent Donation,0.0011908320955725743,5,False
384,feature_past_5yr_max_donation,Maximum Annual Donation Amount (Past 5 Years),0.001335115202106831,4,True
384,donor_age,Donor Age,0.0027446069634126796,1,True
384,feature_gender_identity,Gender Identity,0.00211447317142597,2,True
384,feature_preferred_address_type,Preferred Address Type,0.0016391688300583128,3,True
385,feature_past_5yr_total_donation,Total Donation Amount (Past 5 Years),0.0011686417042414995,7,False
385,feature_past_5yr_average_donation,Average Donation Amount (Past 5 Years),0.0012962527166401714,5,False
385,feature_past_5yr_donation_frequency_rate,Donation Frequency Rate (Past 5 Years),0.0005651738016449039,8,False
385,feature_years_since_last_donation_past_5yr,Years Since Most Recent Donation,0.001207226608659208,6,False
385,feature_past_5yr_max_donation,Maximum Annual Donation Amount (Past 5 Years),0.0014065597562473659,4,True
385,donor_age,Donor Age,0.0028476655401649662,1,True
385,feature_gender_identity,Gender Identity,0.002144880207008894,2,True
385,feature_preferred_address_type,Preferred Address Type,0.0015382022966747729,3,True
386,feature_past_5yr_total_donation,Total Donation Amount (Past 5 Years),0.0011491469567590804,7,False
386,feature_past_5yr_average_donation,Average Donation Amount (Past 5 Years),0.0012596055363419424,5,False
386,feature_past_5yr_donation_frequency_rate,Donation Frequency Rate (Past 5 Years),0.0005408620573140515,8,False
386,feature_years_since_last_donation_past_5yr,Years Since Most Recent Donation,0.0011786349720885327,6,False
386,feature_past_5yr_max_donation,Maximum Annual Donation Amount (Past 5 Years),0.0013540909346088884,4,True
386,donor_age,Donor Age,0.002658914999731314,1,True
386,feature_gender_identity,Gender Identity,0.0021149481661972727,2,True
386,feature_preferred_address_type,Preferred Address Type,0.001625897134513743,3,True
387,feature_past_5yr_total_donation,Total Donation Amount (Past 5 Years),0.0009994097870624531,7,False
387,feature_past_5yr_average_donation,Average Donation Amount (Past 5 Years),0.0011262787882512057,6,False
387,feature_past_5yr_donation_frequency_rate,Donation Frequency Rate (Past 5 Years),0.0005279749749016089,8,False
387,feature_years_since_last_donation_past_5yr,Years Since Most Recent Donation,0.0011720335206648659,5,False
387,feature_past_5yr_max_donation,Maximum Annual Donation Amount (Past 5 Years),0.0012765018872921312,4,True
387,donor_age,Donor Age,0.0026701749426875313,1,True
387,feature_gender_identity,Gender Identity,0.0021195021592258093,2,True
387,feature_preferred_address_type,Preferred Address Type,0.0015713787780747464,3,True
388,feature_past_5yr_total_donation,Total Donation Amount (Past 5 Years),0.0010553015345561058,7,False
388,feature_past_5yr_average_donation,Average Donation Amount (Past 5 Years),0.0011890004166314938,5,False
388,feature_past_5yr_donation_frequency_rate,Donation Frequency Rate (Past 5 Years),0.0005460957432456765,8,False
388,feature_years_since_last_donation_past_5yr,Years Since Most Recent Donation,0.0011820983915239096,6,False
388,feature_past_5yr_max_donation,Maximum Annual Donation Amount (Past 5 Years),0.0012842292365091482,4,True
388,donor_age,Donor Age,0.002770444019286822,1,True
388,feature_gender_identity,Gender Identity,0.002143924988296213,2,True
388,feature_preferred_address_type,Preferred Address Type,0.0015659135476037717,3,True
389,feature_past_5yr_total_donation,Total Donation Amount (Past 5 Years),0.0010837612247135528,7,False
389,feature_past_5yr_average_donation,Average Donation Amount (Past 5 Years),0.0012188036254445012,6,False
389,feature_past_5yr_donation_frequency_rate,Donation Frequency Rate (Past 5 Years),0.0005665666422071787,8,False
389,feature_years_since_last_donation_past_5yr,Years Since Most Recent Donation,0.0012491368719665802,5,False
389,feature_past_5yr_max_donation,Maximum Annual Donation Amount (Past 5 Years),0.0013153445939520763,4,True
389,donor_age,Donor Age,0.00275310199199753,1,True
389,feature_gender_identity,Gender Identity,0.002130107133979466,2,True
389,feature_preferred_address_type,Preferred Address Type,0.0016424859735434019,3,True
390,feature_past_5yr_total_donation,Total Donation Amount (Past 5 Years),0.0012035136309715957,6,False
390,feature_past_5yr_average_donation,Average Donation Amount (Past 5 Years),0.0013250918536216773,5,False
390,feature_past_5yr_donation_frequency_rate,Donation Frequency Rate (Past 5 Years),0.0005475671308794944,8,False
390,feature_years_since_last_donation_past_5yr,Years Since Most Recent Donation,0.0011981722627243928,7,False
390,feature_past_5yr_max_donation,Maximum Annual Donation Amount (Past 5 Years),0.0014150292901535186,4,True
390,donor_age,Donor Age,0.002641617327395804,1,True
390,feature_gender_identity,Gender Identity,0.0021307411167971794,2,True
390,feature_preferred_address_type,Preferred Address Type,0.0015945664838623271,3,True
391,feature_past_5yr_total_donation,Total Donation Amount (Past 5 Years),0.0010612703652935118,7,False
391,feature_past_5yr_average_donation,Average Donation Amount (Past 5 Years),0.0011931590282526568,6,False
391,feature_past_5yr_donation_frequency_rate,Donation Frequency Rate (Past 5 Years),0.00054880457421069,8,False
391,feature_years_since_last_donation_past_5yr,Years Since Most Recent Donation,0.001220301753994973,5,False
391,feature_past_5yr_max_donation,Maximum Annual Donation Amount (Past 5 Years),0.0012779833292336988,4,True
391,donor_age,Donor Age,0.002837026167073969,1,True
391,feature_gender_identity,Gender Identity,0.0022027198722207827,2,True
391,feature_preferred_address_type,Preferred Address Type,0.0016384700025520945,3,True
392,feature_past_5yr_total_donation,Total Donation Amount (Past 5 Years),0.001007730278464317,7,False
392,feature_past_5yr_average_donation,Average Donation Amount (Past 5 Years),0.0011307656488920247,6,False
392,feature_past_5yr_donation_frequency_rate,Donation Frequency Rate (Past 5 Years),0.000561160778207515,8,False
392,feature_years_since_last_donation_past_5yr,Years Since Most Recent Donation,0.0012268208718035694,5,False
392,feature_past_5yr_max_donation,Maximum Annual Donation Amount (Past 5 Years),0.001237255078692361,4,True
392,donor_age,Donor Age,0.0026538218822748836,1,True
392,feature_gender_identity,Gender Identity,0.0021278118452545207,2,True
392,feature_preferred_address_type,Preferred Address Type,0.0015677450930640616,3,True
393,feature_past_5yr_total_donation,Total Donation Amount (Past 5 Years),0.0011688168232369333,7,False
393,feature_past_5yr_average_donation,Average Donation Amount (Past 5 Years),0.001288028639299472,5,False
393,feature_past_5yr_donation_frequency_rate,Donation Frequency Rate (Past 5 Years),0.0005514346455916544,8,False
393,feature_years_since_last_donation_past_5yr,Years Since Most Recent Donation,0.0012510292526400802,6,False
393,feature_past_5yr_max_donation,Maximum Annual Donation Amount (Past 5 Years),0.0013412283033946639,4,True
393,donor_age,Donor Age,0.0026852954422312736,1,True
393,feature_gender_identity,Gender Identity,0.0021243833907805642,2,True
393,feature_preferred_address_type,Preferred Address Type,0.001628149381098999,3,True
394,feature_past_5yr_total_donation,Total Donation Amount (Past 5 Years),0.0010629849262739329,7,False
394,feature_past_5yr_average_donation,Average Donation Amount (Past 5 Years),0.001188983191776878,5,False
394,feature_past_5yr_donation_frequency_rate,Donation Frequency Rate (Past 5 Years),0.0005606985987954556,8,False
394,feature_years_since_last_donation_past_5yr,Years Since Most Recent Donation,0.00117308470113409,6,False
394,feature_past_5yr_max_donation,Maximum Annual Donation Amount (Past 5 Years),0.0012672817568158768,4,True
394,donor_age,Donor Age,0.002762558785022837,1,True
394,feature_gender_identity,Gender Identity,0.0021248980885846787,2,True
394,feature_preferred_address_type,Preferred Address Type,0.001600102701178743,3,True
395,feature_past_5yr_total_donation,Total Donation Amount (Past 5 Years),0.001265786240255404,6,False
395,feature_past_5yr_average_donation,Average Donation Amount (Past 5 Years),0.0013923642325694725,5,False
395,feature_past_5yr_donation_frequency_rate,Donation Frequency Rate (Past 5 Years),0.0005541859454297733,8,False
395,feature_years_since_last_donation_past_5yr,Years Since Most Recent Donation,0.0011891200955099492,7,False
395,feature_past_5yr_max_donation,Maximum Annual Donation Amount (Past 5 Years),0.0014303030544775884,4,True
395,donor_age,Donor Age,0.0028449801217380237,1,True
395,feature_gender_identity,Gender Identity,0.002095683478171009,2,True
395,feature_preferred_address_type,Preferred Address Type,0.0016028466072306746,3,True
396,feature_past_5yr_total_donation,Total Donation Amount (Past 5 Years),0.0010106680205889534,7,False
396,feature_past_5yr_average_donation,Average Donation Amount (Past 5 Years),0.0011398144688326685,6,False
396,feature_past_5yr_donation_frequency_rate,Donation Frequency Rate (Past 5 Years),0.000553405442797853,8,False
396,feature_years_since_last_donation_past_5yr,Years Since Most Recent Donation,0.0012060871137758973,5,False
396,feature_past_5yr_max_donation,Maximum Annual Donation Amount (Past 5 Years),0.001277457222759639,4,True
396,donor_age,Donor Age,0.0027465956504531767,1,True
396,feature_gender_identity,Gender Identity,0.002152936580952269,2,True
396,feature_preferred_address_type,Preferred Address Type,0.0016085460618923055,3,True
397,feature_past_5yr_total_donation,Total Donation Amount (Past 5 Years),0.0010084943147697176,7,False
397,feature_past_5yr_average_donation,Average Donation Amount (Past 5 Years),0.0011450817761692862,6,False
397,feature_past_5yr_donation_frequency_rate,Donation Frequency Rate (Past 5 Years),0.0005334703901939185,8,False
397,feature_years_since_last_donation_past_5yr,Years Since Most Recent Donation,0.0011828114240452596,5,False
397,feature_past_5yr_max_donation,Maximum Annual Donation Amount (Past 5 Years),0.0012955215034311691,4,True
397,donor_age,Donor Age,0.002699410143037844,1,True
397,feature_gender_identity,Gender Identity,0.0020964723574189224,2,True
397,feature_preferred_address_type,Preferred Address Type,0.0015959420258809531,3,True
398,feature_past_5yr_total_donation,Total Donation Amount (Past 5 Years),0.0010085039779322107,7,False
398,feature_past_5yr_average_donation,Average Donation Amount (Past 5 Years),0.001123091699926859,6,False
398,feature_past_5yr_donation_frequency_rate,Donation Frequency Rate (Past 5 Years),0.0005575391677721903,8,False
398,feature_years_since_last_donation_past_5yr,Years Since Most Recent Donation,0.0011711706582071904,5,False
398,feature_past_5yr_max_donation,Maximum Annual Donation Amount (Past 5 Years),0.0012626472980383522,4,True
398,donor_age,Donor Age,0.0025947342642641097,1,True
398,feature_gender_identity,Gender Identity,0.0020810010035107645,2,True
398,feature_preferred_address_type,Preferred Address Type,0.001620737577805835,3,True
399,feature_past_5yr_total_donation,Total Donation Amount (Past 5 Years),0.001067016598496347,7,False
399,feature_past_5yr_average_donation,Average Donation Amount (Past 5 Years),0.0011979298784985308,5,False
399,feature_past_5yr_donation_frequency_rate,Donation Frequency Rate (Past 5 Years),0.0005544448936307983,8,False
399,feature_years_since_last_donation_past_5yr,Years Since Most Recent Donation,0.0011911552404497141,6,False
399,feature_past_5yr_max_donation,Maximum Annual Donation Amount (Past 5 Years),0.0013233465219960727,4,True
399,donor_age,Donor Age,0.0025994883232093643,1,True
399,feature_gender_identity,Gender Identity,0.0021130396024646313,2,True
399,feature_preferred_address_type,Preferred Address Type,0.0015798237757025204,3,True
400,feature_past_5yr_total_donation,Total Donation Amount (Past 5 Years),0.0010370469259433671,7,False
400,feature_past_5yr_average_donation,Average Donation Amount (Past 5 Years),0.0011712019177549347,6,False
400,feature_past_5yr_donation_frequency_rate,Donation Frequency Rate (Past 5 Years),0.0005616633499691323,8,False
400,feature_years_since_last_donation_past_5yr,Years Since Most Recent Donation,0.0011981166558091949,5,False
400,feature_past_5yr_max_donation,Maximum Annual Donation Amount (Past 5 Years),0.0012895201443289088,4,True
400,donor_age,Donor Age,0.0026023244065057505,1,True
400,feature_gender_identity,Gender Identity,0.002123814488523447,2,True
400,feature_preferred_address_type,Preferred Address Type,0.001565136804989124,3,True
401,feature_past_5yr_total_donation,Total Donation Amount (Past 5 Years),0.0010329854896583167,7,False
401,feature_past_5yr_average_donation,Average Donation Amount (Past 5 Years),0.0011593193311038627,6,False
401,feature_past_5yr_donation_frequency_rate,Donation Frequency Rate (Past 5 Years),0.000551009709304861,8,False
401,feature_years_since_last_donation_past_5yr,Years Since Most Recent Donation,0.0012287725279532186,5,False
401,feature_past_5yr_max_donation,Maximum Annual Donation Amount (Past 5 Years),0.001275062089612212,4,True
401,donor_age,Donor Age,0.0026233281770334845,1,True
401,feature_gender_identity,Gender Identity,0.0020893050103568418,2,True
401,feature_preferred_address_type,Preferred Address Type,0.0015895181107905398,3,True
402,feature_past_5yr_total_donation,Total Donation Amount (Past 5 Years),0.0012738292460445437,6,False
402,feature_past_5yr_average_donation,Average Donation Amount (Past 5 Years),0.0014022862561434831,5,False
402,feature_past_5yr_donation_frequency_rate,Donation Frequency Rate (Past 5 Years),0.0005660846449985126,8,False
402,feature_years_since_last_donation_past_5yr,Years Since Most Recent Donation,0.0011861564592991504,7,False
402,feature_past_5yr_max_donation,Maximum Annual Donation Amount (Past 5 Years),0.0014553727725800797,4,True
402,donor_age,Donor Age,0.0026732224145878565,1,True
402,feature_gender_identity,Gender Identity,0.002115166007888877,2,True
402,feature_preferred_address_type,Preferred Address Type,0.0016542158593034174,3,True
403,feature_past_5yr_total_donation,Total Donation Amount (Past 5 Years),0.0010676547371451968,7,False
403,feature_past_5yr_average_donation,Average Donation Amount (Past 5 Years),0.0012145861489963232,5,False
403,feature_past_5yr_donation_frequency_rate,Donation Frequency Rate (Past 5 Years),0.000563099643018873,8,False
403,feature_years_since_last_donation_past_5yr,Years Since Most Recent Donation,0.0011559556050212403,6,False
403,feature_past_5yr_max_donation,Maximum Annual Donation Amount (Past 5 Years),0.0012947139419254793,4,True
403,donor_age,Donor Age,0.0028476677690697757,1,True
403,feature_gender_identity,Gender Identity,0.0021444307507571835,2,True
403,feature_preferred_address_type,Preferred Address Type,0.0015769910465419262,3,True
404,feature_past_5yr_total_donation,Total Donation Amount (Past 5 Years),0.0010458407558339947,7,False
404,feature_past_5yr_average_donation,Average Donation Amount (Past 5 Years),0.0011840832933549448,6,False
404,feature_past_5yr_donation_frequency_rate,Donation Frequency Rate (Past 5 Years),0.000539325935607521,8,False
404,feature_years_since_last_donation_past_5yr,Years Since Most Recent Donation,0.001215579521718061,5,False
404,feature_past_5yr_max_donation,Maximum Annual Donation Amount (Past 5 Years),0.0012863095062185296,4,True
404,donor_age,Donor Age,0.002635659414940449,1,True
404,feature_gender_identity,Gender Identity,0.0021522567575253163,2,True
404,feature_preferred_address_type,Preferred Address Type,0.0015919820474109797,3,True
405,feature_past_5yr_total_donation,Total Donation Amount (Past 5 Years),0.001235975238789639,6,False
405,feature_past_5yr_average_donation,Average Donation Amount (Past 5 Years),0.001372448866093585,5,False
405,feature_past_5yr_donation_frequency_rate,Donation Frequency Rate (Past 5 Years),0.0005862038159620992,8,False
405,feature_years_since_last_donation_past_5yr,Years Since Most Recent Donation,0.0012188921556528188,7,False
405,feature_past_5yr_max_donation,Maximum Annual Donation Amount (Past 5 Years),0.0014535859550893295,4,True
405,donor_age,Donor Age,0.0026460512257062124,1,True
405,feature_gender_identity,Gender Identity,0.002120547596816623,2,True
405,feature_preferred_address_type,Preferred Address Type,0.0015912713142147165,3,True
406,feature_past_5yr_total_donation,Total Donation Amount (Past 5 Years),0.0012059757058076276,7,False
406,feature_past_5yr_average_donation,Average Donation Amount (Past 5 Years),0.0013307223943098037,5,False
406,feature_past_5yr_donation_frequency_rate,Donation Frequency Rate (Past 5 Years),0.000580207663415599,8,False
406,feature_years_since_last_donation_past_5yr,Years Since Most Recent Donation,0.0012231337535340994,6,False
406,feature_past_5yr_max_donation,Maximum Annual Donation Amount (Past 5 Years),0.0013948962291638694,4,True
406,donor_age,Donor Age,0.002719603796544862,1,True
406,feature_gender_identity,Gender Identity,0.002091318915937025,2,True
406,feature_preferred_address_type,Preferred Address Type,0.001616447833450274,3,True
407,feature_past_5yr_total_donation,Total Donation Amount (Past 5 Years),0.00111768668942649,7,False
407,feature_past_5yr_average_donation,Average Donation Amount (Past 5 Years),0.0012425700897072717,5,False
407,feature_past_5yr_donation_frequency_rate,Donation Frequency Rate (Past 5 Years),0.000584416429763019,8,False
407,feature_years_since_last_donation_past_5yr,Years Since Most Recent Donation,0.0012181433961769566,6,False
407,feature_past_5yr_max_donation,Maximum Annual Donation Amount (Past 5 Years),0.0013438070442806178,4,True
407,donor_age,Donor Age,0.002819241860742038,1,True
407,feature_gender_identity,Gender Identity,0.002158971182242138,2,True
407,feature_preferred_address_type,Preferred Address Type,0.0016156770416753165,3,True
408,feature_past_5yr_total_donation,Total Donation Amount (Past 5 Years),0.0012373041270921687,6,False
408,feature_past_5yr_average_donation,Average Donation Amount (Past 5 Years),0.0013608791187283242,5,False
408,feature_past_5yr_donation_frequency_rate,Donation Frequency Rate (Past 5 Years),0.0005757620703770312,8,False
408,feature_years_since_last_donation_past_5yr,Years Since Most Recent Donation,0.0012191429221397078,7,False
408,feature_past_5yr_max_donation,Maximum Annual Donation Amount (Past 5 Years),0.0013810353071417787,4,True
408,donor_age,Donor Age,0.002800457505351997,1,True
408,feature_gender_identity,Gender Identity,0.002111376052485144,2,True
408,feature_preferred_address_type,Preferred Address Type,0.0015723550259126619,3,True
409,feature_past_5yr_total_donation,Total Donation Amount (Past 5 Years),0.0011497838332196026,7,False
409,feature_past_5yr_average_donation,Average Donation Amount (Past 5 Years),0.0012829736426425889,5,False
409,feature_past_5yr_donation_frequency_rate,Donation Frequency Rate (Past 5 Years),0.0005471289036268231,8,False
409,feature_years_since_last_donation_past_5yr,Years Since Most Recent Donation,0.0011720195755639579,6,False
409,feature_past_5yr_max_donation,Maximum Annual Donation Amount (Past 5 Years),0.0013819411106465642,4,True
409,donor_age,Donor Age,0.0026171685352611054,1,True
409,feature_gender_identity,Gender Identity,0.00206759651545486,2,True
409,feature_preferred_address_type,Preferred Address Type,0.0016250869146743744,3,True
410,feature_past_5yr_total_donation,Total Donation Amount (Past 5 Years),0.0009750303986046155,7,False
410,feature_past_5yr_average_donation,Average Donation Amount (Past 5 Years),0.0011178687195143554,6,False
410,feature_past_5yr_donation_frequency_rate,Donation Frequency Rate (Past 5 Years),0.0005455135245382607,8,False
410,feature_years_since_last_donation_past_5yr,Years Since Most Recent Donation,0.0011882076547867933,5,False
410,feature_past_5yr_max_donation,Maximum Annual Donation Amount (Past 5 Years),0.001227412540630835,4,True
410,donor_age,Donor Age,0.0028136956593669098,1,True
410,feature_gender_identity,Gender Identity,0.002126344745713978,2,True
410,feature_preferred_address_type,Preferred Address Type,0.00160494213136701,3,True
411,feature_past_5yr_total_donation,Total Donation Amount (Past 5 Years),0.0011262892449897337,7,False
411,feature_past_5yr_average_donation,Average Donation Amount (Past 5 Years),0.001266525661217995,5,False
411,feature_past_5yr_donation_frequency_rate,Donation Frequency Rate (Past 5 Years),0.0005835712147066906,8,False
411,feature_years_since_last_donation_past_5yr,Years Since Most Recent Donation,0.001189658099519995,6,False
411,feature_past_5yr_max_donation,Maximum Annual Donation Amount (Past 5 Years),0.0013417388913545838,4,True
411,donor_age,Donor Age,0.00276233423622025,1,True
411,feature_gender_identity,Gender Identity,0.0021711939812804983,2,True
411,feature_preferred_address_type,Preferred Address Type,0.0015780943461221307,3,True
412,feature_past_5yr_total_donation,Total Donation Amount (Past 5 Years),0.0010315360516915972,7,False
412,feature_past_5yr_average_donation,Average Donation Amount (Past 5 Years),0.0011667133800117421,6,False
412,feature_past_5yr_donation_frequency_rate,Donation Frequency Rate (Past 5 Years),0.0005333247029477482,8,False
412,feature_years_since_last_donation_past_5yr,Years Since Most Recent Donation,0.0012016769019241745,5,False
412,feature_past_5yr_max_donation,Maximum Annual Donation Amount (Past 5 Years),0.0012873122242582954,4,True
412,donor_age,Donor Age,0.002701594375902084,1,True
412,feature_gender_identity,Gender Identity,0.002160186446884315,2,True
412,feature_preferred_address_type,Preferred Address Type,0.0016001430364127388,3,True
413,feature_past_5yr_total_donation,Total Donation Amount (Past 5 Years),0.0010340123622834781,7,False
413,feature_past_5yr_average_donation,Average Donation Amount (Past 5 Years),0.0011647746115922542,6,False
413,feature_past_5yr_donation_frequency_rate,Donation Frequency Rate (Past 5 Years),0.0005706218313901246,8,False
413,feature_years_since_last_donation_past_5yr,Years Since Most Recent Donation,0.0012219152324140566,5,False
413,feature_past_5yr_max_donation,Maximum Annual Donation Amount (Past 5 Years),0.001260861927272285,4,True
413,donor_age,Donor Age,0.0028331340265732533,1,True
413,feature_gender_identity,Gender Identity,0.0021973067252630783,2,True
413,feature_preferred_address_type,Preferred Address Type,0.0015903397432760012,3,True
414,feature_past_5yr_total_donation,Total Donation Amount (Past 5 Years),0.0011508386826702163,7,False
414,feature_past_5yr_average_donation,Average Donation Amount (Past 5 Years),0.0012834609252453464,5,False
414,feature_past_5yr_donation_frequency_rate,Donation Frequency Rate (Past 5 Years),0.0005886081749923196,8,False
414,feature_years_since_last_donation_past_5yr,Years Since Most Recent Donation,0.0012276950287911726,6,False
414,feature_past_5yr_max_donation,Maximum Annual Donation Amount (Past 5 Years),0.001365389297570963,4,True
414,donor_age,Donor Age,0.002944840289912749,1,True
414,feature_gender_identity,Gender Identity,0.002159808857300639,2,True
414,feature_preferred_address_type,Preferred Address Type,0.0016091533583970018,3,True
415,feature_past_5yr_total_donation,Total Donation Amount (Past 5 Years),0.0010756260206845794,7,False
415,feature_past_5yr_average_donation,Average Donation Amount (Past 5 Years),0.001213022639273767,5,False
415,feature_past_5yr_donation_frequency_rate,Donation Frequency Rate (Past 5 Years),0.0005517366769332515,8,False
415,feature_years_since_last_donation_past_5yr,Years Since Most Recent Donation,0.0011543595228935897,6,False
415,feature_past_5yr_max_donation,Maximum Annual Donation Amount (Past 5 Years),0.0012758800675920663,4,True
415,donor_age,Donor Age,0.002742460426202764,1,True
415,feature_gender_identity,Gender Identity,0.0020751666734789053,2,True
415,feature_preferred_address_type,Preferred Address Type,0.0015987254514269271,3,True
416,feature_past_5yr_total_donation,Total Donation Amount (Past 5 Years),0.0010928775066275027,7,False
416,feature_past_5yr_average_donation,Average Donation Amount (Past 5 Years),0.001224383076367324,5,False
416,feature_past_5yr_donation_frequency_rate,Donation Frequency Rate (Past 5 Years),0.0005313884510440484,8,False
416,feature_years_since_last_donation_past_5yr,Years Since Most Recent Donation,0.0011572630958674919,6,False
416,feature_past_5yr_max_donation,Maximum Annual Donation Amount (Past 5 Years),0.0013267003328426821,4,True
416,donor_age,Donor Age,0.002698721691424151,1,True
416,feature_gender_identity,Gender Identity,0.0020923931580067983,2,True
416,feature_preferred_address_type,Preferred Address Type,0.00153263870900299,3,True
417,feature_past_5yr_total_donation,Total Donation Amount (Past 5 Years),0.0010374242263850313,7,False
417,feature_past_5yr_average_donation,Average Donation Amount (Past 5 Years),0.00116499479148653,6,False
417,feature_past_5yr_donation_frequency_rate,Donation Frequency Rate (Past 5 Years),0.0005683730415730359,8,False
417,feature_years_since_last_donation_past_5yr,Years Since Most Recent Donation,0.0011731533682746791,5,False
417,feature_past_5yr_max_donation,Maximum Annual Donation Amount (Past 5 Years),0.0012599410000572904,4,True
417,donor_age,Donor Age,0.002716565898178206,1,True
417,feature_gender_identity,Gender Identity,0.0021216515134164574,2,True
417,feature_preferred_address_type,Preferred Address Type,0.001652061758347147,3,True
418,feature_past_5yr_total_donation,Total Donation Amount (Past 5 Years),0.0011051147588573857,7,False
418,feature_past_5yr_average_donation,Average Donation Amount (Past 5 Years),0.0012377877200790083,5,False
418,feature_past_5yr_donation_frequency_rate,Donation Frequency Rate (Past 5 Years),0.0005424359241469861,8,False
418,feature_years_since_last_donation_past_5yr,Years Since Most Recent Donation,0.0011818763835304941,6,False
418,feature_past_5yr_max_donation,Maximum Annual Donation Amount (Past 5 Years),0.00135313019947702,4,True
418,donor_age,Donor Age,0.002691327904323201,1,True
418,feature_gender_identity,Gender Identity,0.0021173933166655917,2,True
418,feature_preferred_address_type,Preferred Address Type,0.0016620513534587912,3,True
419,feature_past_5yr_total_donation,Total Donation Amount (Past 5 Years),0.0011569624276672424,7,False
419,feature_past_5yr_average_donation,Average Donation Amount (Past 5 Years),0.0012759980946943836,5,False
419,feature_past_5yr_donation_frequency_rate,Donation Frequency Rate (Past 5 Years),0.0005743051585907162,8,False
419,feature_years_since_last_donation_past_5yr,Years Since Most Recent Donation,0.0012024475165602398,6,False
419,feature_past_5yr_max_donation,Maximum Annual Donation Amount (Past 5 Years),0.0013181577858576488,4,True
419,donor_age,Donor Age,0.0026604235792451725,1,True
419,feature_gender_identity,Gender Identity,0.0021233161776783843,2,True
419,feature_preferred_address_type,Preferred Address Type,0.0015872849376603897,3,True
420,feature_past_5yr_total_donation,Total Donation Amount (Past 5 Years),0.0012643476626629554,6,False
420,feature_past_5yr_average_donation,Average Donation Amount (Past 5 Years),0.0013793886951493956,5,False
420,feature_past_5yr_donation_frequency_rate,Donation Frequency Rate (Past 5 Years),0.0005588640132404017,8,False
420,feature_years_since_last_donation_past_5yr,Years Since Most Recent Donation,0.001166850771605762,7,False
420,feature_past_5yr_max_donation,Maximum Annual Donation Amount (Past 5 Years),0.0014552450746424328,4,True
420,donor_age,Donor Age,0.0027528102292144613,1,True
420,feature_gender_identity,Gender Identity,0.0021313501387902564,2,True
420,feature_preferred_address_type,Preferred Address Type,0.0016327150660351835,3,True
421,feature_past_5yr_total_donation,Total Donation Amount (Past 5 Years),0.0010273992937703351,7,False
421,feature_past_5yr_average_donation,Average Donation Amount (Past 5 Years),0.001157492250890411,6,False
421,feature_past_5yr_donation_frequency_rate,Donation Frequency Rate (Past 5 Years),0.0005668865231298047,8,False
421,feature_years_since_last_donation_past_5yr,Years Since Most Recent Donation,0.001207181830294268,5,False
421,feature_past_5yr_max_donation,Maximum Annual Donation Amount (Past 5 Years),0.0012596026960612029,4,True
421,donor_age,Donor Age,0.0027963857546802304,1,True
421,feature_gender_identity,Gender Identity,0.002084936770514852,2,True
421,feature_preferred_address_type,Preferred Address Type,0.0016087752042015164,3,True
422,feature_past_5yr_total_donation,Total Donation Amount (Past 5 Years),0.0010480936816043619,7,False
422,feature_past_5yr_average_donation,Average Donation Amount (Past 5 Years),0.0011849919782660923,5,False
422,feature_past_5yr_donation_frequency_rate,Donation Frequency Rate (Past 5 Years),0.0005403637733795049,8,False
422,feature_years_since_last_donation_past_5yr,Years Since Most Recent Donation,0.0011808835085566,6,False
422,feature_past_5yr_max_donation,Maximum Annual Donation Amount (Past 5 Years),0.0012853866303343042,4,True
422,donor_age,Donor Age,0.00253370487161835,1,True
422,feature_gender_identity,Gender Identity,0.0020575276950476865,2,True
422,feature_preferred_address_type,Preferred Address Type,0.0015650580289033396,3,True
423,feature_past_5yr_total_donation,Total Donation Amount (Past 5 Years),0.0011403197834477501,7,False
423,feature_past_5yr_average_donation,Average Donation Amount (Past 5 Years),0.0012729041432162297,5,False
423,feature_past_5yr_donation_frequency_rate,Donation Frequency Rate (Past 5 Years),0.0005607298339622849,8,False
423,feature_years_since_last_donation_past_5yr,Years Since Most Recent Donation,0.0011737287058253667,6,False
423,feature_past_5yr_max_donation,Maximum Annual Donation Amount (Past 5 Years),0.0014182608267760142,4,True
423,donor_age,Donor Age,0.0027024564924630983,1,True
423,feature_gender_identity,Gender Identity,0.00207787929264587,2,True
423,feature_preferred_address_type,Preferred Address Type,0.0015658553171661459,3,True
424,feature_past_5yr_total_donation,Total Donation Amount (Past 5 Years),0.0012262483156943427,7,False
424,feature_past_5yr_average_donation,Average Donation Amount (Past 5 Years),0.001366773046190907,5,False
424,feature_past_5yr_donation_frequency_rate,Donation Frequency Rate (Past 5 Years),0.0005766690656776931,8,False
424,feature_years_since_last_donation_past_5yr,Years Since Most Recent Donation,0.0012669292840423894,6,False
424,feature_past_5yr_max_donation,Maximum Annual Donation Amount (Past 5 Years),0.001421910964210307,4,True
424,donor_age,Donor Age,0.002786146384812299,1,True
424,feature_gender_identity,Gender Identity,0.0021095683435416912,2,True
424,feature_preferred_address_type,Preferred Address Type,0.0016228858977901301,3,True
425,feature_past_5yr_total_donation,Total Donation Amount (Past 5 Years),0.0012675534441670738,6,False
425,feature_past_5yr_average_donation,Average Donation Amount (Past 5 Years),0.001393968242456911,5,False
425,feature_past_5yr_donation_frequency_rate,Donation Frequency Rate (Past 5 Years),0.0005648911974491903,8,False
425,feature_years_since_last_donation_past_5yr,Years Since Most Recent Donation,0.0011970892969729121,7,False
425,feature_past_5yr_max_donation,Maximum Annual Donation Amount (Past 5 Years),0.0014295761630797091,4,True
425,donor_age,Donor Age,0.0026834605342924054,1,True
425,feature_gender_identity,Gender Identity,0.0021338416766581115,2,True
425,feature_preferred_address_type,Preferred Address Type,0.0016385654039507407,3,True
426,feature_past_5yr_total_donation,Total Donation Amount (Past 5 Years),0.0013069572149494713,6,False
426,feature_past_5yr_average_donation,Average Donation Amount (Past 5 Years),0.0014410807998283962,5,False
426,feature_past_5yr_donation_frequency_rate,Donation Frequency Rate (Past 5 Years),0.0005685664284261547,8,False
426,feature_years_since_last_donation_past_5yr,Years Since Most Recent Donation,0.0012440939478326695,7,False
426,feature_past_5yr_max_donation,Maximum Annual Donation Amount (Past 5 Years),0.0014847432545028354,4,True
426,donor_age,Donor Age,0.0026144671201487747,1,True
426,feature_gender_identity,Gender Identity,0.0021416560874473523,2,True
426,feature_preferred_address_type,Preferred Address Type,0.0016269373828978304,3,True
427,feature_past_5yr_total_donation,Total Donation Amount (Past 5 Years),0.0010522183123131616,7,False
427,feature_past_5yr_average_donation,Average Donation Amount (Past 5 Years),0.0011797186113664095,6,False
427,feature_past_5yr_donation_frequency_rate,Donation Frequency Rate (Past 5 Years),0.0005643012266899869,8,False
427,feature_years_since_last_donation_past_5yr,Years Since Most Recent Donation,0.0012010590108403304,5,False
427,feature_past_5yr_max_donation,Maximum Annual Donation Amount (Past 5 Years),0.0012805051167210507,4,True
427,donor_age,Donor Age,0.002748087733673392,1,True
427,feature_gender_identity,Gender Identity,0.0021822538462289965,2,True
427,feature_preferred_address_type,Preferred Address Type,0.0016135397574979298,3,True
428,feature_past_5yr_total_donation,Total Donation Amount (Past 5 Years),0.000995084925607608,7,False
428,feature_past_5yr_average_donation,Average Donation Amount (Past 5 Years),0.0011460224707917942,5,False
428,feature_past_5yr_donation_frequency_rate,Donation Frequency Rate (Past 5 Years),0.0005460163946227485,8,False
428,feature_years_since_last_donation_past_5yr,Years Since Most Recent Donation,0.0011345464880123683,6,False
428,feature_past_5yr_max_donation,Maximum Annual Donation Amount (Past 5 Years),0.0012267060814921324,4,True
428,donor_age,Donor Age,0.002702409827081738,1,True
428,feature_gender_identity,Gender Identity,0.0020899676446552535,2,True
428,feature_preferred_address_type,Preferred Address Type,0.001573647285270065,3,True
429,feature_past_5yr_total_donation,Total Donation Amount (Past 5 Years),0.0009988522147650171,7,False
429,feature_past_5yr_average_donation,Average Donation Amount (Past 5 Years),0.001115100582054068,6,False
429,feature_past_5yr_donation_frequency_rate,Donation Frequency Rate (Past 5 Years),0.000555710668959295,8,False
429,feature_years_since_last_donation_past_5yr,Years Since Most Recent Donation,0.0011865912795714808,5,False
429,feature_past_5yr_max_donation,Maximum Annual Donation Amount (Past 5 Years),0.0012594307203715562,4,True
429,donor_age,Donor Age,0.0026004210244110607,1,True
429,feature_gender_identity,Gender Identity,0.0020631978181390714,2,True
429,feature_preferred_address_type,Preferred Address Type,0.0015745832648981096,3,True
430,feature_past_5yr_total_donation,Total Donation Amount (Past 5 Years),0.0010645650288577785,7,False
430,feature_past_5yr_average_donation,Average Donation Amount (Past 5 Years),0.001209886213762128,5,False
430,feature_past_5yr_donation_frequency_rate,Donation Frequency Rate (Past 5 Years),0.0005570543708641461,8,False
430,feature_years_since_last_donation_past_5yr,Years Since Most Recent Donation,0.0012076074519926782,6,False
430,feature_past_5yr_max_donation,Maximum Annual Donation Amount (Past 5 Years),0.0012592070467177952,4,True
430,donor_age,Donor Age,0.0027079808471836913,1,True
430,feature_gender_identity,Gender Identity,0.0021613169177897218,2,True
430,feature_preferred_address_type,Preferred Address Type,0.0016417564942620424,3,True
431,feature_past_5yr_total_donation,Total Donation Amount (Past 5 Years),0.0010621763389730649,7,False
431,feature_past_5yr_average_donation,Average Donation Amount (Past 5 Years),0.001200904003726541,6,False
431,feature_past_5yr_donation_frequency_rate,Donation Frequency Rate (Past 5 Years),0.0005693078896867113,8,False
431,feature_years_since_last_donation_past_5yr,Years Since Most Recent Donation,0.0012220747851889818,5,False
431,feature_past_5yr_max_donation,Maximum Annual Donation Amount (Past 5 Years),0.0012546716574610725,4,True
431,donor_age,Donor Age,0.0028586129146156627,1,True
431,feature_gender_identity,Gender Identity,0.0021412598805707257,2,True
431,feature_preferred_address_type,Preferred Address Type,0.0016122453673666122,3,True
432,feature_past_5yr_total_donation,Total Donation Amount (Past 5 Years),0.0011407223766039091,7,False
432,feature_past_5yr_average_donation,Average Donation Amount (Past 5 Years),0.001266430868820002,5,False
432,feature_past_5yr_donation_frequency_rate,Donation Frequency Rate (Past 5 Years),0.0005637339748552577,8,False
432,feature_years_since_last_donation_past_5yr,Years Since Most Recent Donation,0.001201321245100852,6,False
432,feature_past_5yr_max_donation,Maximum Annual Donation Amount (Past 5 Years),0.0013508119420876364,4,True
432,donor_age,Donor Age,0.0027167268372734928,1,True
432,feature_gender_identity,Gender Identity,0.0020723145032743215,2,True
432,feature_preferred_address_type,Preferred Address Type,0.0016148116423588665,3,True
433,feature_past_5yr_total_donation,Total Donation Amount (Past 5 Years),0.001079231975240907,7,False
433,feature_past_5yr_average_donation,Average Donation Amount (Past 5 Years),0.0012241746720411428,5,False
433,feature_past_5yr_donation_frequency_rate,Donation Frequency Rate (Past 5 Years),0.0005708455754056219,8,False
433,feature_years_since_last_donation_past_5yr,Years Since Most Recent Donation,0.001202009229514894,6,False
433,feature_past_5yr_max_donation,Maximum Annual Donation Amount (Past 5 Years),0.001306987192781711,4,True
433,donor_age,Donor Age,0.002716901788561203,1,True
433,feature_gender_identity,Gender Identity,0.0021021316290360703,2,True
433,feature_preferred_address_type,Preferred Address Type,0.0015978977550530522,3,True
434,feature_past_5yr_total_donation,Total Donation Amount (Past 5 Years),0.0010081504584346288,7,False
434,feature_past_5yr_average_donation,Average Donation Amount (Past 5 Years),0.0011332410345246213,6,False
434,feature_past_5yr_donation_frequency_rate,Donation Frequency Rate (Past 5 Years),0.0005450168821172556,8,False
434,feature_years_since_last_donation_past_5yr,Years Since Most Recent Donation,0.001201872175505865,5,False
434,feature_past_5yr_max_donation,Maximum Annual Donation Amount (Past 5 Years),0.0012905144311750965,4,True
434,donor_age,Donor Age,0.0026573437151611477,1,True
434,feature_gender_identity,Gender Identity,0.0020895530112960436,2,True
434,feature_preferred_address_type,Preferred Address Type,0.0015627701931094512,3,True
435,feature_past_5yr_total_donation,Total Donation Amount (Past 5 Years),0.001111710482078389,7,False
435,feature_past_5yr_average_donation,Average Donation Amount (Past 5 Years),0.0012632543389083269,5,False
435,feature_past_5yr_donation_frequency_rate,Donation Frequency Rate (Past 5 Years),0.0005583296055023488,8,False
435,feature_years_since_last_donation_past_5yr,Years Since Most Recent Donation,0.0012310046931060695,6,False
435,feature_past_5yr_max_donation,Maximum Annual Donation Amount (Past 5 Years),0.0013202516978374468,4,True
435,donor_age,Donor Age,0.0028203712601660323,1,True
435,feature_gender_identity,Gender Identity,0.0021196274077927893,2,True
435,feature_preferred_address_type,Preferred Address Type,0.0015997355234164687,3,True
436,feature_past_5yr_total_donation,Total Donation Amount (Past 5 Years),0.0010685115379783909,7,False
436,feature_past_5yr_average_donation,Average Donation Amount (Past 5 Years),0.0012285287527443883,5,False
436,feature_past_5yr_donation_frequency_rate,Donation Frequency Rate (Past 5 Years),0.000579005441649585,8,False
436,feature_years_since_last_donation_past_5yr,Years Since Most Recent Donation,0.0012115028771832008,6,False
436,feature_past_5yr_max_donation,Maximum Annual Donation Amount (Past 5 Years),0.0013261649606335743,4,True
436,donor_age,Donor Age,0.0027508213599022543,1,True
436,feature_gender_identity,Gender Identity,0.0021404554589058333,2,True
436,feature_preferred_address_type,Preferred Address Type,0.0016031322351032357,3,True
437,feature_past_5yr_total_donation,Total Donation Amount (Past 5 Years),0.0010820514528946644,7,False
437,feature_past_5yr_average_donation,Average Donation Amount (Past 5 Years),0.0012041548519687959,5,False
437,feature_past_5yr_donation_frequency_rate,Donation Frequency Rate (Past 5 Years),0.0005670807156047422,8,False
437,feature_years_since_last_donation_past_5yr,Years Since Most Recent Donation,0.001202627495662981,6,False
437,feature_past_5yr_max_donation,Maximum Annual Donation Amount (Past 5 Years),0.0013101948895375022,4,True
437,donor_age,Donor Age,0.002878484672562392,1,True
437,feature_gender_identity,Gender Identity,0.002146535663691244,2,True
437,feature_preferred_address_type,Preferred Address Type,0.0016387217202682824,3,True
438,feature_past_5yr_total_donation,Total Donation Amount (Past 5 Years),0.001083309141446901,7,False
438,feature_past_5yr_average_donation,Average Donation Amount (Past 5 Years),0.0012176637255883497,5,False
438,feature_past_5yr_donation_frequency_rate,Donation Frequency Rate (Past 5 Years),0.0005550996602657275,8,False
438,feature_years_since_last_donation_past_5yr,Years Since Most Recent Donation,0.001172004121781284,6,False
438,feature_past_5yr_max_donation,Maximum Annual Donation Amount (Past 5 Years),0.0013203446082002631,4,True
438,donor_age,Donor Age,0.0025980689911244063,1,True
438,feature_gender_identity,Gender Identity,0.002141510956422394,2,True
438,feature_preferred_address_type,Preferred Address Type,0.0016092589391250268,3,True
439,feature_past_5yr_total_donation,Total Donation Amount (Past 5 Years),0.0010755551552846696,7,False
439,feature_past_5yr_average_donation,Average Donation Amount (Past 5 Years),0.001211922944441871,5,False
439,feature_past_5yr_donation_frequency_rate,Donation Frequency Rate (Past 5 Years),0.0005674356835584898,8,False
439,feature_years_since_last_donation_past_5yr,Years Since Most Recent Donation,0.0011607428661782307,6,False
439,feature_past_5yr_max_donation,Maximum Annual Donation Amount (Past 5 Years),0.0013194683419579445,4,True
439,donor_age,Donor Age,0.002699116690851699,1,True
439,feature_gender_identity,Gender Identity,0.002143549917108173,2,True
439,feature_preferred_address_type,Preferred Address Type,0.0016854933760304864,3,True
440,feature_past_5yr_total_donation,Total Donation Amount (Past 5 Years),0.0010547527177594477,7,False
440,feature_past_5yr_average_donation,Average Donation Amount (Past 5 Years),0.001170523313350537,6,False
440,feature_past_5yr_donation_frequency_rate,Donation Frequency Rate (Past 5 Years),0.0005473906110311811,8,False
440,feature_years_since_last_donation_past_5yr,Years Since Most Recent Donation,0.0012127605354289568,5,False
440,feature_past_5yr_max_donation,Maximum Annual Donation Amount (Past 5 Years),0.001319738786902151,4,True
440,donor_age,Donor Age,0.0027744598857845503,1,True
440,feature_gender_identity,Gender Identity,0.0020998468878464867,2,True
440,feature_preferred_address_type,Preferred Address Type,0.0015835517689417055,3,True
441,feature_past_5yr_total_donation,Total Donation Amount (Past 5 Years),0.0012078773944105552,6,False
441,feature_past_5yr_average_donation,Average Donation Amount (Past 5 Years),0.0013364838454863431,5,False
441,feature_past_5yr_donation_frequency_rate,Donation Frequency Rate (Past 5 Years),0.0005443377845645845,8,False
441,feature_years_since_last_donation_past_5yr,Years Since Most Recent Donation,0.0011869352441507643,7,False
441,feature_past_5yr_max_donation,Maximum Annual Donation Amount (Past 5 Years),0.0013730976248972466,4,True
441,donor_age,Donor Age,0.0026027407169553545,1,True
441,feature_gender_identity,Gender Identity,0.002096811425068148,2,True
441,feature_preferred_address_type,Preferred Address Type,0.0016068153891557056,3,True
442,feature_past_5yr_total_donation,Total Donation Amount (Past 5 Years),0.0011038665831041312,7,False
442,feature_past_5yr_average_donation,Average Donation Amount (Past 5 Years),0.0012199169835424401,5,False
442,feature_past_5yr_donation_frequency_rate,Donation Frequency Rate (Past 5 Years),0.0005443094567215925,8,False
442,feature_years_since_last_donation_past_5yr,Years Since Most Recent Donation,0.0012018482094403944,6,False
442,feature_past_5yr_max_donation,Maximum Annual Donation Amount (Past 5 Years),0.0013414845056806978,4,True
442,donor_age,Donor Age,0.0026543853993147024,1,True
442,feature_gender_identity,Gender Identity,0.002122194271697539,2,True
442,feature_preferred_address_type,Preferred Address Type,0.0016488708748379596,3,True
443,feature_past_5yr_total_donation,Total Donation Amount (Past 5 Years),0.0010697683293726915,7,False
443,feature_past_5yr_average_donation,Average Donation Amount (Past 5 Years),0.0012025678688028286,6,False
443,feature_past_5yr_donation_frequency_rate,Donation Frequency Rate (Past 5 Years),0.0005630722083181561,8,False
443,feature_years_since_last_donation_past_5yr,Years Since Most Recent Donation,0.0012072597292412412,5,False
443,feature_past_5yr_max_donation,Maximum Annual Donation Amount (Past 5 Years),0.001257867667597378,4,True
443,donor_age,Donor Age,0.002695563256603612,1,True
443,feature_gender_identity,Gender Identity,0.002116134920933339,2,True
443,feature_preferred_address_type,Preferred Address Type,0.00162094639459787,3,True
444,feature_past_5yr_total_donation,Total Donation Amount (Past 5 Years),0.0009597249914346223,7,False
444,feature_past_5yr_average_donation,Average Donation Amount (Past 5 Years),0.0010751761292606135,6,False
444,feature_past_5yr_donation_frequency_rate,Donation Frequency Rate (Past 5 Years),0.0005487307284148717,8,False
444,feature_years_since_last_donation_past_5yr,Years Since Most Recent Donation,0.0011700405990647986,5,False
444,feature_past_5yr_max_donation,Maximum Annual Donation Amount (Past 5 Years),0.0012050465511091978,4,True
444,donor_age,Donor Age,0.0027372018927107338,1,True
444,feature_gender_identity,Gender Identity,0.00209605458446724,2,True
444,feature_preferred_address_type,Preferred Address Type,0.001567006255740793,3,True
445,feature_past_5yr_total_donation,Total Donation Amount (Past 5 Years),0.0010928111919171531,7,False
445,feature_past_5yr_average_donation,Average Donation Amount (Past 5 Years),0.0012203792281043299,5,False
445,feature_past_5yr_donation_frequency_rate,Donation Frequency Rate (Past 5 Years),0.0005527476975902369,8,False
445,feature_years_since_last_donation_past_5yr,Years Since Most Recent Donation,0.0011706883415897589,6,False
445,feature_past_5yr_max_donation,Maximum Annual Donation Amount (Past 5 Years),0.001345014702864527,4,True
445,donor_age,Donor Age,0.0026454347587364507,1,True
445,feature_gender_identity,Gender Identity,0.0020934208682069563,2,True
445,feature_preferred_address_type,Preferred Address Type,0.0015462123138094495,3,True
446,feature_past_5yr_total_donation,Total Donation Amount (Past 5 Years),0.0011025210267163632,7,False
446,feature_past_5yr_average_donation,Average Donation Amount (Past 5 Years),0.0012447429882689444,5,False
446,feature_past_5yr_donation_frequency_rate,Donation Frequency Rate (Past 5 Years),0.0005576668843519072,8,False
446,feature_years_since_last_donation_past_5yr,Years Since Most Recent Donation,0.0012001437769694658,6,False
446,feature_past_5yr_max_donation,Maximum Annual Donation Amount (Past 5 Years),0.0013442727362375864,4,True
446,donor_age,Donor Age,0.002683504487112981,1,True
446,feature_gender_identity,Gender Identity,0.002112845052033252,2,True
446,feature_preferred_address_type,Preferred Address Type,0.0016193336757253393,3,True
447,feature_past_5yr_total_donation,Total Donation Amount (Past 5 Years),0.001247806654799453,6,False
447,feature_past_5yr_average_donation,Average Donation Amount (Past 5 Years),0.001375962055653927,5,False
447,feature_past_5yr_donation_frequency_rate,Donation Frequency Rate (Past 5 Years),0.000586233305718756,8,False
447,feature_years_since_last_donation_past_5yr,Years Since Most Recent Donation,0.0012402576816833092,7,False
447,feature_past_5yr_max_donation,Maximum Annual Donation Amount (Past 5 Years),0.0014383670038888396,4,True
447,donor_age,Donor Age,0.002676004815832289,1,True
447,feature_gender_identity,Gender Identity,0.0021155686875237597,2,True
447,feature_preferred_address_type,Preferred Address Type,0.0016703283324746038,3,True
448,feature_past_5yr_total_donation,Total Donation Amount (Past 5 Years),0.0009904873340194197,7,False
448,feature_past_5yr_average_donation,Average Donation Amount (Past 5 Years),0.0011403538900314647,6,False
448,feature_past_5yr_donation_frequency_rate,Donation Frequency Rate (Past 5 Years),0.0005800612746697394,8,False
448,feature_years_since_last_donation_past_5yr,Years Since Most Recent Donation,0.0011764629591397213,5,False
448,feature_past_5yr_max_donation,Maximum Annual Donation Amount (Past 5 Years),0.0012999608236338562,4,True
448,donor_age,Donor Age,0.0025921059702738174,1,True
448,feature_gender_identity,Gender Identity,0.002077758696656083,2,True
448,feature_preferred_address_type,Preferred Address Type,0.0015971595774673766,3,True
449,feature_past_5yr_total_donation,Total Donation Amount (Past 5 Years),0.0011212607007361451,7,False
449,feature_past_5yr_average_donation,Average Donation Amount (Past 5 Years),0.001233653048912403,6,False
449,feature_past_5yr_donation_frequency_rate,Donation Frequency Rate (Past 5 Years),0.0005665537802715569,8,False
449,feature_years_since_last_donation_past_5yr,Years Since Most Recent Donation,0.0012527825691467415,5,False
449,feature_past_5yr_max_donation,Maximum Annual Donation Amount (Past 5 Years),0.001370280257469449,4,True
449,donor_age,Donor Age,0.002777738404742571,1,True
449,feature_gender_identity,Gender Identity,0.002129215563620296,2,True
449,feature_preferred_address_type,Preferred Address Type,0.001570031424476897,3,True
450,feature_past_5yr_total_donation,Total Donation Amount (Past 5 Years),0.0012018076828127094,6,False
450,feature_past_5yr_average_donation,Average Donation Amount (Past 5 Years),0.0013176456002317967,5,False
450,feature_past_5yr_donation_frequency_rate,Donation Frequency Rate (Past 5 Years),0.0005576820249987319,8,False
450,feature_years_since_last_donation_past_5yr,Years Since Most Recent Donation,0.0011884020388281957,7,False
450,feature_past_5yr_max_donation,Maximum Annual Donation Amount (Past 5 Years),0.001358995357631786,4,True
450,donor_age,Donor Age,0.002720598032597893,1,True
450,feature_gender_identity,Gender Identity,0.002121342814988233,2,True
450,feature_preferred_address_type,Preferred Address Type,0.0015843250927186647,3,True
451,feature_past_5yr_total_donation,Total Donation Amount (Past 5 Years),0.0009681767243001184,7,False
451,feature_past_5yr_average_donation,Average Donation Amount (Past 5 Years),0.0011056313707337073,6,False
451,feature_past_5yr_donation_frequency_rate,Donation Frequency Rate (Past 5 Years),0.0005467474978217302,8,False
451,feature_years_since_last_donation_past_5yr,Years Since Most Recent Donation,0.0011891839670876852,5,False
451,feature_past_5yr_max_donation,Maximum Annual Donation Amount (Past 5 Years),0.0012769319370834126,4,True
451,donor_age,Donor Age,0.002833211664290919,1,True
451,feature_gender_identity,Gender Identity,0.002165244096955426,2,True
451,feature_preferred_address_type,Preferred Address Type,0.0016244602305664358,3,True
452,feature_past_5yr_total_donation,Total Donation Amount (Past 5 Years),0.001227574266929577,6,False
452,feature_past_5yr_average_donation,Average Donation Amount (Past 5 Years),0.0013557851586769403,5,False
452,feature_past_5yr_donation_frequency_rate,Donation Frequency Rate (Past 5 Years),0.0005504789374077777,8,False
452,feature_years_since_last_donation_past_5yr,Years Since Most Recent Donation,0.0011602121922182611,7,False
452,feature_past_5yr_max_donation,Maximum Annual Donation Amount (Past 5 Years),0.0014311775268893378,4,True
452,donor_age,Donor Age,0.002666865946613695,1,True
452,feature_gender_identity,Gender Identity,0.002081076001048121,2,True
452,feature_preferred_address_type,Preferred Address Type,0.0016062443758645818,3,True
453,feature_past_5yr_total_donation,Total Donation Amount (Past 5 Years),0.0011464839811386133,7,False
453,feature_past_5yr_average_donation,Average Donation Amount (Past 5 Years),0.0012766314609395984,5,False
453,feature_past_5yr_donation_frequency_rate,Donation Frequency Rate (Past 5 Years),0.0005334813241655037,8,False
453,feature_years_since_last_donation_past_5yr,Years Since Most Recent Donation,0.0011489369362006458,6,False
453,feature_past_5yr_max_donation,Maximum Annual Donation Amount (Past 5 Years),0.0013612729271945075,4,True
453,donor_age,Donor Age,0.0026082792783828704,1,True
453,feature_gender_identity,Gender Identity,0.0020819638316028786,2,True
453,feature_preferred_address_type,Preferred Address Type,0.0015708179437706256,3,True
454,feature_past_5yr_total_donation,Total Donation Amount (Past 5 Years),0.0012039964184246978,6,False
454,feature_past_5yr_average_donation,Average Donation Amount (Past 5 Years),0.001322498804544165,5,False
454,feature_past_5yr_donation_frequency_rate,Donation Frequency Rate (Past 5 Years),0.0005284415542076944,8,False
454,feature_years_since_last_donation_past_5yr,Years Since Most Recent Donation,0.0011652740870217206,7,False
454,feature_past_5yr_max_donation,Maximum Annual Donation Amount (Past 5 Years),0.0014129141124169268,4,True
454,donor_age,Donor Age,0.0026562184316842098,1,True
454,feature_gender_identity,Gender Identity,0.00215043426922149,2,True
454,feature_preferred_address_type,Preferred Address Type,0.0015572188020667476,3,True
455,feature_past_5yr_total_donation,Total Donation Amount (Past 5 Years),0.0011443478714884636,6,False
455,feature_past_5yr_average_donation,Average Donation Amount (Past 5 Years),0.001268095818413196,5,False
455,feature_past_5yr_donation_frequency_rate,Donation Frequency Rate (Past 5 Years),0.0005436603574729938,8,False
455,feature_years_since_last_donation_past_5yr,Years Since Most Recent Donation,0.00110767765733221,7,False
455,feature_past_5yr_max_donation,Maximum Annual Donation Amount (Past 5 Years),0.0013679398063432286,4,True
455,donor_age,Donor Age,0.002606946751453179,1,True
455,feature_gender_identity,Gender Identity,0.002085383627352089,2,True
455,feature_preferred_address_type,Preferred Address Type,0.001538848794510721,3,True
456,feature_past_5yr_total_donation,Total Donation Amount (Past 5 Years),0.0010420978044727875,7,False
456,feature_past_5yr_average_donation,Average Donation Amount (Past 5 Years),0.0011766726831049972,6,False
456,feature_past_5yr_donation_frequency_rate,Donation Frequency Rate (Past 5 Years),0.0005572976494775384,8,False
456,feature_years_since_last_donation_past_5yr,Years Since Most Recent Donation,0.0011771712086463405,5,False
456,feature_past_5yr_max_donation,Maximum Annual Donation Amount (Past 5 Years),0.0012634326699610258,4,True
456,donor_age,Donor Age,0.0027101667882843137,1,True
456,feature_gender_identity,Gender Identity,0.0020722619217194496,2,True
456,feature_preferred_address_type,Preferred Address Type,0.0016190910146212474,3,True
457,feature_past_5yr_total_donation,Total Donation Amount (Past 5 Years),0.0011506552794783738,7,False
457,feature_past_5yr_average_donation,Average Donation Amount (Past 5 Years),0.0012853672044206988,5,False
457,feature_past_5yr_donation_frequency_rate,Donation Frequency Rate (Past 5 Years),0.0005726428714874798,8,False
457,feature_years_since_last_donation_past_5yr,Years Since Most Recent Donation,0.0012153120877054363,6,False
457,feature_past_5yr_max_donation,Maximum Annual Donation Amount (Past 5 Years),0.0013475214897510663,4,True
457,donor_age,Donor Age,0.0027519933237255376,1,True
457,feature_gender_identity,Gender Identity,0.0021279931997060892,2,True
457,feature_preferred_address_type,Preferred Address Type,0.0016606671609466555,3,True
458,feature_past_5yr_total_donation,Total Donation Amount (Past 5 Years),0.0010382701041243218,7,False
458,feature_past_5yr_average_donation,Average Donation Amount (Past 5 Years),0.0011545115483469982,6,False
458,feature_past_5yr_donation_frequency_rate,Donation Frequency Rate (Past 5 Years),0.0005723140491256355,8,False
458,feature_years_since_last_donation_past_5yr,Years Since Most Recent Donation,0.0012057314623959334,5,False
458,feature_past_5yr_max_donation,Maximum Annual Donation Amount (Past 5 Years),0.0013111302000805099,4,True
458,donor_age,Donor Age,0.002773622748773291,1,True
458,feature_gender_identity,Gender Identity,0.002132917920814122,2,True
458,feature_preferred_address_type,Preferred Address Type,0.0015988349349527063,3,True
459,feature_past_5yr_total_donation,Total Donation Amount (Past 5 Years),0.001203638312029859,6,False
459,feature_past_5yr_average_donation,Average Donation Amount (Past 5 Years),0.0013387133218506733,5,False
459,feature_past_5yr_donation_frequency_rate,Donation Frequency Rate (Past 5 Years),0.0005450527144319743,8,False
459,feature_years_since_last_donation_past_5yr,Years Since Most Recent Donation,0.001192084199815326,7,False
459,feature_past_5yr_max_donation,Maximum Annual Donation Amount (Past 5 Years),0.001352018656044342,4,True
459,donor_age,Donor Age,0.0026600871100664956,1,True
459,feature_gender_identity,Gender Identity,0.002121235161793874,2,True
459,feature_preferred_address_type,Preferred Address Type,0.0015947300919420158,3,True
460,feature_past_5yr_total_donation,Total Donation Amount (Past 5 Years),0.0011597963771307696,7,False
460,feature_past_5yr_average_donation,Average Donation Amount (Past 5 Years),0.001278765724890494,5,False
460,feature_past_5yr_donation_frequency_rate,Donation Frequency Rate (Past 5 Years),0.0005425321473036835,8,False
460,feature_years_since_last_donation_past_5yr,Years Since Most Recent Donation,0.0011692830824072858,6,False
460,feature_past_5yr_max_donation,Maximum Annual Donation Amount (Past 5 Years),0.0014060323455084714,4,True
460,donor_age,Donor Age,0.002687517995497995,1,True
460,feature_gender_identity,Gender Identity,0.0021469382198000693,2,True
460,feature_preferred_address_type,Preferred Address Type,0.0015797803899881009,3,True
461,feature_past_5yr_total_donation,Total Donation Amount (Past 5 Years),0.0011635398237841228,7,False
461,feature_past_5yr_average_donation,Average Donation Amount (Past 5 Years),0.0012785759319518574,5,False
461,feature_past_5yr_donation_frequency_rate,Donation Frequency Rate (Past 5 Years),0.0005523732501422259,8,False
461,feature_years_since_last_donation_past_5yr,Years Since Most Recent Donation,0.001172686196830634,6,False
461,feature_past_5yr_max_donation,Maximum Annual Donation Amount (Past 5 Years),0.001369192954503654,4,True
461,donor_age,Donor Age,0.0026441196694043973,1,True
461,feature_gender_identity,Gender Identity,0.002088060700760086,2,True
461,feature_preferred_address_type,Preferred Address Type,0.0016460270268254522,3,True
462,feature_past_5yr_total_donation,Total Donation Amount (Past 5 Years),0.0012310046909240514,6,False
462,feature_past_5yr_average_donation,Average Donation Amount (Past 5 Years),0.001345574140437018,5,False
462,feature_past_5yr_donation_frequency_rate,Donation Frequency Rate (Past 5 Years),0.0005427039994024827,8,False
462,feature_years_since_last_donation_past_5yr,Years Since Most Recent Donation,0.0011670557811182232,7,False
462,feature_past_5yr_max_donation,Maximum Annual Donation Amount (Past 5 Years),0.0013697320848587518,4,True
462,donor_age,Donor Age,0.0027400560752382764,1,True
462,feature_gender_identity,Gender Identity,0.0021442872101615153,2,True
462,feature_preferred_address_type,Preferred Address Type,0.0016274392911748785,3,True
463,feature_past_5yr_total_donation,Total Donation Amount (Past 5 Years),0.0010344612267671259,7,False
463,feature_past_5yr_average_donation,Average Donation Amount (Past 5 Years),0.0011592654480782397,6,False
463,feature_past_5yr_donation_frequency_rate,Donation Frequency Rate (Past 5 Years),0.00052986480960364,8,False
463,feature_years_since_last_donation_past_5yr,Years Since Most Recent Donation,0.0011701970524718287,5,False
463,feature_past_5yr_max_donation,Maximum Annual Donation Amount (Past 5 Years),0.001284446820143324,4,True
463,donor_age,Donor Age,0.0027462804523654353,1,True
463,feature_gender_identity,Gender Identity,0.00211445937113495,2,True
463,feature_preferred_address_type,Preferred Address Type,0.0016026453182672706,3,True
464,feature_past_5yr_total_donation,Total Donation Amount (Past 5 Years),0.0010250936642595453,7,False
464,feature_past_5yr_average_donation,Average Donation Amount (Past 5 Years),0.00114861206345513,6,False
464,feature_past_5yr_donation_frequency_rate,Donation Frequency Rate (Past 5 Years),0.0005320412513889351,8,False
464,feature_years_since_last_donation_past_5yr,Years Since Most Recent Donation,0.0011579812829993548,5,False
464,feature_past_5yr_max_donation,Maximum Annual Donation Amount (Past 5 Years),0.0012597844136126482,4,True
464,donor_age,Donor Age,0.0028300048623765145,1,True
464,feature_gender_identity,Gender Identity,0.0021003231137958975,2,True
464,feature_preferred_address_type,Preferred Address Type,0.001613924787086942,3,True
465,feature_past_5yr_total_donation,Total Donation Amount (Past 5 Years),0.0010991242174917225,7,False
465,feature_past_5yr_average_donation,Average Donation Amount (Past 5 Years),0.0012215084906294473,5,False
465,feature_past_5yr_donation_frequency_rate,Donation Frequency Rate (Past 5 Years),0.0005363436632278757,8,False
465,feature_years_since_last_donation_past_5yr,Years Since Most Recent Donation,0.001179166800520492,6,False
465,feature_past_5yr_max_donation,Maximum Annual Donation Amount (Past 5 Years),0.0013176935860176604,4,True
465,donor_age,Donor Age,0.002869634925778872,1,True
465,feature_gender_identity,Gender Identity,0.0021593584183404835,2,True
465,feature_preferred_address_type,Preferred Address Type,0.0016596880717285297,3,True
466,feature_past_5yr_total_donation,Total Donation Amount (Past 5 Years),0.0011427997073564903,7,False
466,feature_past_5yr_average_donation,Average Donation Amount (Past 5 Years),0.001255368557272275,5,False
466,feature_past_5yr_donation_frequency_rate,Donation Frequency Rate (Past 5 Years),0.0005606079430207523,8,False
466,feature_years_since_last_donation_past_5yr,Years Since Most Recent Donation,0.0011874383788572406,6,False
466,feature_past_5yr_max_donation,Maximum Annual Donation Amount (Past 5 Years),0.001359099659883819,4,True
466,donor_age,Donor Age,0.002790868541047073,1,True
466,feature_gender_identity,Gender Identity,0.002127725634238201,2,True
466,feature_preferred_address_type,Preferred Address Type,0.001614842703901534,3,True
467,feature_past_5yr_total_donation,Total Donation Amount (Past 5 Years),0.0009848693854540447,7,False
467,feature_past_5yr_average_donation,Average Donation Amount (Past 5 Years),0.001105982014296898,6,False
467,feature_past_5yr_donation_frequency_rate,Donation Frequency Rate (Past 5 Years),0.0005357004452212462,8,False
467,feature_years_since_last_donation_past_5yr,Years Since Most Recent Donation,0.0011697879623927508,5,False
467,feature_past_5yr_max_donation,Maximum Annual Donation Amount (Past 5 Years),0.0012452743113759756,4,True
467,donor_age,Donor Age,0.0027083910406658835,1,True
467,feature_gender_identity,Gender Identity,0.0021186810978725936,2,True
467,feature_preferred_address_type,Preferred Address Type,0.001649617756529383,3,True
468,feature_past_5yr_total_donation,Total Donation Amount (Past 5 Years),0.0011303569818850727,7,False
468,feature_past_5yr_average_donation,Average Donation Amount (Past 5 Years),0.001267681853134031,5,False
468,feature_past_5yr_donation_frequency_rate,Donation Frequency Rate (Past 5 Years),0.0005764324280468073,8,False
468,feature_years_since_last_donation_past_5yr,Years Since Most Recent Donation,0.0012116310051837065,6,False
468,feature_past_5yr_max_donation,Maximum Annual Donation Amount (Past 5 Years),0.0013538639932363988,4,True
468,donor_age,Donor Age,0.002835574245962503,1,True
468,feature_gender_identity,Gender Identity,0.002144126600630849,2,True
468,feature_preferred_address_type,Preferred Address Type,0.001614936760302044,3,True
469,feature_past_5yr_total_donation,Total Donation Amount (Past 5 Years),0.0009386107680675141,7,False
469,feature_past_5yr_average_donation,Average Donation Amount (Past 5 Years),0.0010756636460634514,6,False
469,feature_past_5yr_donation_frequency_rate,Donation Frequency Rate (Past 5 Years),0.0005348595475728836,8,False
469,feature_years_since_last_donation_past_5yr,Years Since Most Recent Donation,0.0011022086984291107,5,False
469,feature_past_5yr_max_donation,Maximum Annual Donation Amount (Past 5 Years),0.0011988557392470672,4,True
469,donor_age,Donor Age,0.0027515705749044756,1,True
469,feature_gender_identity,Gender Identity,0.002106411195285289,2,True
469,feature_preferred_address_type,Preferred Address Type,0.0015522859543761675,3,True
470,feature_past_5yr_total_donation,Total Donation Amount (Past 5 Years),0.0009666186856585169,7,False
470,feature_past_5yr_average_donation,Average Donation Amount (Past 5 Years),0.0010939965564817048,6,False
470,feature_past_5yr_donation_frequency_rate,Donation Frequency Rate (Past 5 Years),0.000553339023898924,8,False
470,feature_years_since_last_donation_past_5yr,Years Since Most Recent Donation,0.001197605571479508,5,False
470,feature_past_5yr_max_donation,Maximum Annual Donation Amount (Past 5 Years),0.0012026338001978724,4,True
470,donor_age,Donor Age,0.0027177949952912083,1,True
470,feature_gender_identity,Gender Identity,0.002104552082608267,2,True
470,feature_preferred_address_type,Preferred Address Type,0.001643982977837971,3,True
471,feature_past_5yr_total_donation,Total Donation Amount (Past 5 Years),0.0011606073333104954,7,False
471,feature_past_5yr_average_donation,Average Donation Amount (Past 5 Years),0.0012919782479368141,5,False
471,feature_past_5yr_donation_frequency_rate,Donation Frequency Rate (Past 5 Years),0.0005803135041307349,8,False
471,feature_years_since_last_donation_past_5yr,Years Since Most Recent Donation,0.001191135136057698,6,False
471,feature_past_5yr_max_donation,Maximum Annual Donation Amount (Past 5 Years),0.0013311628999898956,4,True
471,donor_age,Donor Age,0.00259730876730651,1,True
471,feature_gender_identity,Gender Identity,0.002121328329349553,2,True
471,feature_preferred_address_type,Preferred Address Type,0.0016192010534392639,3,True
472,feature_past_5yr_total_donation,Total Donation Amount (Past 5 Years),0.0011840121761063404,7,False
472,feature_past_5yr_average_donation,Average Donation Amount (Past 5 Years),0.0013071850560486173,5,False
472,feature_past_5yr_donation_frequency_rate,Donation Frequency Rate (Past 5 Years),0.0005830579986661343,8,False
472,feature_years_since_last_donation_past_5yr,Years Since Most Recent Donation,0.0012034144341828803,6,False
472,feature_past_5yr_max_donation,Maximum Annual Donation Amount (Past 5 Years),0.0013669559505074575,4,True
472,donor_age,Donor Age,0.0027132908209644116,1,True
472,feature_gender_identity,Gender Identity,0.0020943033175134197,2,True
472,feature_preferred_address_type,Preferred Address Type,0.0016028983317001879,3,True
473,feature_past_5yr_total_donation,Total Donation Amount (Past 5 Years),0.001282177535681809,6,False
473,feature_past_5yr_average_donation,Average Donation Amount (Past 5 Years),0.0013986483050202447,5,False
473,feature_past_5yr_donation_frequency_rate,Donation Frequency Rate (Past 5 Years),0.0005541904865931864,8,False
473,feature_years_since_last_donation_past_5yr,Years Since Most Recent Donation,0.0012031787060752665,7,False
473,feature_past_5yr_max_donation,Maximum Annual Donation Amount (Past 5 Years),0.0014570009837485515,4,True
473,donor_age,Donor Age,0.0026503328951414102,1,True
473,feature_gender_identity,Gender Identity,0.002095565768306711,2,True
473,feature_preferred_address_type,Preferred Address Type,0.001616334799339792,3,True
474,feature_past_5yr_total_donation,Total Donation Amount (Past 5 Years),0.0010260737755589024,7,False
474,feature_past_5yr_average_donation,Average Donation Amount (Past 5 Years),0.0011539544588196793,6,False
474,feature_past_5yr_donation_frequency_rate,Donation Frequency Rate (Past 5 Years),0.0005582994443652918,8,False
474,feature_years_since_last_donation_past_5yr,Years Since Most Recent Donation,0.0011928811601238786,5,False
474,feature_past_5yr_max_donation,Maximum Annual Donation Amount (Past 5 Years),0.0012689482452381273,4,True
474,donor_age,Donor Age,0.0026842563865903213,1,True
474,feature_gender_identity,Gender Identity,0.002125139363714316,2,True
474,feature_preferred_address_type,Preferred Address Type,0.0015812098758305165,3,True
475,feature_past_5yr_total_donation,Total Donation Amount (Past 5 Years),0.0010542767645960762,7,False
475,feature_past_5yr_average_donation,Average Donation Amount (Past 5 Years),0.001166645265762307,6,False
475,feature_past_5yr_donation_frequency_rate,Donation Frequency Rate (Past 5 Years),0.0005567662445729837,8,False
475,feature_years_since_last_donation_past_5yr,Years Since Most Recent Donation,0.00117632880983257,5,False
475,feature_past_5yr_max_donation,Maximum Annual Donation Amount (Past 5 Years),0.0012508533229566917,4,True
475,donor_age,Donor Age,0.0028013231488336512,1,True
475,feature_gender_identity,Gender Identity,0.0021255388312451198,2,True
475,feature_preferred_address_type,Preferred Address Type,0.0015974484310118668,3,True
476,feature_past_5yr_total_donation,Total Donation Amount (Past 5 Years),0.0010731478746315182,7,False
476,feature_past_5yr_average_donation,Average Donation Amount (Past 5 Years),0.001198972045757422,6,False
476,feature_past_5yr_donation_frequency_rate,Donation Frequency Rate (Past 5 Years),0.0005460530422450685,8,False
476,feature_years_since_last_donation_past_5yr,Years Since Most Recent Donation,0.0012200947834634566,5,False
476,feature_past_5yr_max_donation,Maximum Annual Donation Amount (Past 5 Years),0.001283214474117799,4,True
476,donor_age,Donor Age,0.0025815623932522744,1,True
476,feature_gender_identity,Gender Identity,0.0020897053071983573,2,True
476,feature_preferred_address_type,Preferred Address Type,0.0015838791527086828,3,True
477,feature_past_5yr_total_donation,Total Donation Amount (Past 5 Years),0.001028408880671204,7,False
477,feature_past_5yr_average_donation,Average Donation Amount (Past 5 Years),0.0011439681576540103,6,False
477,feature_past_5yr_donation_frequency_rate,Donation Frequency Rate (Past 5 Years),0.0005745524946998623,8,False
477,feature_years_since_last_donation_past_5yr,Years Since Most Recent Donation,0.0012189019315268085,5,False
477,feature_past_5yr_max_donation,Maximum Annual Donation Amount (Past 5 Years),0.0012590002796476322,4,True
477,donor_age,Donor Age,0.0026793194261419,1,True
477,feature_gender_identity,Gender Identity,0.002111585231948232,2,True
477,feature_preferred_address_type,Preferred Address Type,0.0016035386254740745,3,True
478,feature_past_5yr_total_donation,Total Donation Amount (Past 5 Years),0.0010782752835130365,7,False
478,feature_past_5yr_average_donation,Average Donation Amount (Past 5 Years),0.0012037348771864642,6,False
478,feature_past_5yr_donation_frequency_rate,Donation Frequency Rate (Past 5 Years),0.0005559941157481293,8,False
478,feature_years_since_last_donation_past_5yr,Years Since Most Recent Donation,0.0012077615413910506,5,False
478,feature_past_5yr_max_donation,Maximum Annual Donation Amount (Past 5 Years),0.0013567941827205606,4,True
478,donor_age,Donor Age,0.0027327569840412524,1,True
478,feature_gender_identity,Gender Identity,0.002104060506829909,2,True
478,feature_preferred_address_type,Preferred Address Type,0.0016372060450616035,3,True
479,feature_past_5yr_total_donation,Total Donation Amount (Past 5 Years),0.0009857241757644183,7,False
479,feature_past_5yr_average_donation,Average Donation Amount (Past 5 Years),0.0011170017371752283,6,False
479,feature_past_5yr_donation_frequency_rate,Donation Frequency Rate (Past 5 Years),0.0005742312479180598,8,False
479,feature_years_since_last_donation_past_5yr,Years Since Most Recent Donation,0.0012018165295793832,5,False
479,feature_past_5yr_max_donation,Maximum Annual Donation Amount (Past 5 Years),0.0012481589878003741,4,True
479,donor_age,Donor Age,0.002690885879715717,1,True
479,feature_gender_identity,Gender Identity,0.002114808201516114,2,True
479,feature_preferred_address_type,Preferred Address Type,0.0015814680780288676,3,True
480,feature_past_5yr_total_donation,Total Donation Amount (Past 5 Years),0.001089830891645391,7,False
480,feature_past_5yr_average_donation,Average Donation Amount (Past 5 Years),0.0012196991011859393,5,False
480,feature_past_5yr_donation_frequency_rate,Donation Frequency Rate (Past 5 Years),0.0005457507254801488,8,False
480,feature_years_since_last_donation_past_5yr,Years Since Most Recent Donation,0.0012001189077118606,6,False
480,feature_past_5yr_max_donation,Maximum Annual Donation Amount (Past 5 Years),0.0012695658545329965,4,True
480,donor_age,Donor Age,0.002752820637830395,1,True
480,feature_gender_identity,Gender Identity,0.0021182196928342,2,True
480,feature_preferred_address_type,Preferred Address Type,0.0016189025215590245,3,True
481,feature_past_5yr_total_donation,Total Donation Amount (Past 5 Years),0.0010020924541741959,7,False
481,feature_past_5yr_average_donation,Average Donation Amount (Past 5 Years),0.0011214880954233042,6,False
481,feature_past_5yr_donation_frequency_rate,Donation Frequency Rate (Past 5 Years),0.0005214854062861207,8,False
481,feature_years_since_last_donation_past_5yr,Years Since Most Recent Donation,0.0011958277362308066,5,False
481,feature_past_5yr_max_donation,Maximum Annual Donation Amount (Past 5 Years),0.0012837350314549576,4,True
481,donor_age,Donor Age,0.002704468648622205,1,True
481,feature_gender_identity,Gender Identity,0.0021190045216134524,2,True
481,feature_preferred_address_type,Preferred Address Type,0.0015788943867134561,3,True
482,feature_past_5yr_total_donation,Total Donation Amount (Past 5 Years),0.001051737809139647,7,False
482,feature_past_5yr_average_donation,Average Donation Amount (Past 5 Years),0.0011980779163628412,5,False
482,feature_past_5yr_donation_frequency_rate,Donation Frequency Rate (Past 5 Years),0.0005737036202682678,8,False
482,feature_years_since_last_donation_past_5yr,Years Since Most Recent Donation,0.0011907323573461086,6,False
482,feature_past_5yr_max_donation,Maximum Annual Donation Amount (Past 5 Years),0.0012915712699182128,4,True
482,donor_age,Donor Age,0.002790641476880569,1,True
482,feature_gender_identity,Gender Identity,0.0020886113598330702,2,True
482,feature_preferred_address_type,Preferred Address Type,0.0016260900301865975,3,True
483,feature_past_5yr_total_donation,Total Donation Amount (Past 5 Years),0.000934627762614683,7,False
483,feature_past_5yr_average_donation,Average Donation Amount (Past 5 Years),0.0010714703136195482,6,False
483,feature_past_5yr_donation_frequency_rate,Donation Frequency Rate (Past 5 Years),0.0005457398414337439,8,False
483,feature_years_since_last_donation_past_5yr,Years Since Most Recent Donation,0.0011540583662872736,5,False
483,feature_past_5yr_max_donation,Maximum Annual Donation Amount (Past 5 Years),0.0011885320743646247,4,True
483,donor_age,Donor Age,0.002692562969471992,1,True
483,feature_gender_identity,Gender Identity,0.0021299211381455058,2,True
483,feature_preferred_address_type,Preferred Address Type,0.001591431554323111,3,True
484,feature_past_5yr_total_donation,Total Donation Amount (Past 5 Years),0.0008513227888908572,7,False
484,feature_past_5yr_average_donation,Average Donation Amount (Past 5 Years),0.0009846810346946858,6,False
484,feature_past_5yr_donation_frequency_rate,Donation Frequency Rate (Past 5 Years),0.0005267153242189901,8,False
484,feature_years_since_last_donation_past_5yr,Years Since Most Recent Donation,0.0011463913033963964,4,True
484,feature_past_5yr_max_donation,Maximum Annual Donation Amount (Past 5 Years),0.0011215076345932942,5,False
484,donor_age,Donor Age,0.0027632789858185575,1,True
484,feature_gender_identity,Gender Identity,0.0021105640161404302,2,True
484,feature_preferred_address_type,Preferred Address Type,0.0016199976641303132,3,True
485,feature_past_5yr_total_donation,Total Donation Amount (Past 5 Years),0.001207903313709049,7,False
485,feature_past_5yr_average_donation,Average Donation Amount (Past 5 Years),0.0013393641184944675,5,False
485,feature_past_5yr_donation_frequency_rate,Donation Frequency Rate (Past 5 Years),0.0005551402940643132,8,False
485,feature_years_since_last_donation_past_5yr,Years Since Most Recent Donation,0.0012405422203605482,6,False
485,feature_past_5yr_max_donation,Maximum Annual Donation Amount (Past 5 Years),0.0013816048694837535,4,True
485,donor_age,Donor Age,0.0026532167750856856,1,True
485,feature_gender_identity,Gender Identity,0.0021198203765775683,2,True
485,feature_preferred_address_type,Preferred Address Type,0.0016064388220363203,3,True
486,feature_past_5yr_total_donation,Total Donation Amount (Past 5 Years),0.0010533503330023984,7,False
486,feature_past_5yr_average_donation,Average Donation Amount (Past 5 Years),0.0011992301505942106,6,False
486,feature_past_5yr_donation_frequency_rate,Donation Frequency Rate (Past 5 Years),0.0005558372077828738,8,False
486,feature_years_since_last_donation_past_5yr,Years Since Most Recent Donation,0.0011998623212340876,5,False
486,feature_past_5yr_max_donation,Maximum Annual Donation Amount (Past 5 Years),0.0013216064728979236,4,True
486,donor_age,Donor Age,0.002815549838979327,1,True
486,feature_gender_identity,Gender Identity,0.002112261959619624,2,True
486,feature_preferred_address_type,Preferred Address Type,0.0016226153799715358,3,True
487,feature_past_5yr_total_donation,Total Donation Amount (Past 5 Years),0.001265720473739678,6,False
487,feature_past_5yr_average_donation,Average Donation Amount (Past 5 Years),0.0013837338770204225,5,False
487,feature_past_5yr_donation_frequency_rate,Donation Frequency Rate (Past 5 Years),0.00057919948647254,8,False
487,feature_years_since_last_donation_past_5yr,Years Since Most Recent Donation,0.001197686634101427,7,False
487,feature_past_5yr_max_donation,Maximum Annual Donation Amount (Past 5 Years),0.00146724098299366,4,True
487,donor_age,Donor Age,0.0027635918935622725,1,True
487,feature_gender_identity,Gender Identity,0.002134397189474472,2,True
487,feature_preferred_address_type,Preferred Address Type,0.0016291521945414212,3,True
488,feature_past_5yr_total_donation,Total Donation Amount (Past 5 Years),0.001161242458142462,7,False
488,feature_past_5yr_average_donation,Average Donation Amount (Past 5 Years),0.001277358570377348,5,False
488,feature_past_5yr_donation_frequency_rate,Donation Frequency Rate (Past 5 Years),0.0005720393137244692,8,False
488,feature_years_since_last_donation_past_5yr,Years Since Most Recent Donation,0.0012119008146682707,6,False
488,feature_past_5yr_max_donation,Maximum Annual Donation Amount (Past 5 Years),0.0013514054462324513,4,True
488,donor_age,Donor Age,0.0027599148011604787,1,True
488,feature_gender_identity,Gender Identity,0.002116142728122447,2,True
488,feature_preferred_address_type,Preferred Address Type,0.0016716185728938454,3,True
489,feature_past_5yr_total_donation,Total Donation Amount (Past 5 Years),0.0011145762183005193,7,False
489,feature_past_5yr_average_donation,Average Donation Amount (Past 5 Years),0.0012374734696249162,5,False
489,feature_past_5yr_donation_frequency_rate,Donation Frequency Rate (Past 5 Years),0.0005576535446131115,8,False
489,feature_years_since_last_donation_past_5yr,Years Since Most Recent Donation,0.001210399893230696,6,False
489,feature_past_5yr_max_donation,Maximum Annual Donation Amount (Past 5 Years),0.0013505547614580153,4,True
489,donor_age,Donor Age,0.0026892126170281337,1,True
489,feature_gender_identity,Gender Identity,0.002090317193631278,2,True
489,feature_preferred_address_type,Preferred Address Type,0.001599539310564759,3,True
490,feature_past_5yr_total_donation,Total Donation Amount (Past 5 Years),0.0010276905420686176,7,False
490,feature_past_5yr_average_donation,Average Donation Amount (Past 5 Years),0.0011865451956201993,5,False
490,feature_past_5yr_donation_frequency_rate,Donation Frequency Rate (Past 5 Years),0.0005471690351986333,8,False
490,feature_years_since_last_donation_past_5yr,Years Since Most Recent Donation,0.0011591285108127239,6,False
490,feature_past_5yr_max_donation,Maximum Annual Donation Amount (Past 5 Years),0.0013008043891010697,4,True
490,donor_age,Donor Age,0.00270462381808141,1,True
490,feature_gender_identity,Gender Identity,0.0020808567967935832,2,True
490,feature_preferred_address_type,Preferred Address Type,0.0016326720916723793,3,True
491,feature_past_5yr_total_donation,Total Donation Amount (Past 5 Years),0.00120103153950063,7,False
491,feature_past_5yr_average_donation,Average Donation Amount (Past 5 Years),0.0013172723426765752,5,False
491,feature_past_5yr_donation_frequency_rate,Donation Frequency Rate (Past 5 Years),0.0005469232442538846,8,False
491,feature_years_since_last_donation_past_5yr,Years Since Most Recent Donation,0.0012339572521306121,6,False
491,feature_past_5yr_max_donation,Maximum Annual Donation Amount (Past 5 Years),0.0014355066579435302,4,True
491,donor_age,Donor Age,0.002702909791806363,1,True
491,feature_gender_identity,Gender Identity,0.0021021042460946074,2,True
491,feature_preferred_address_type,Preferred Address Type,0.0016094551662028324,3,True
492,feature_past_5yr_total_donation,Total Donation Amount (Past 5 Years),0.001033261187034511,7,False
492,feature_past_5yr_average_donation,Average Donation Amount (Past 5 Years),0.0011602234506133283,5,False
492,feature_past_5yr_donation_frequency_rate,Donation Frequency Rate (Past 5 Years),0.0005305367333157965,8,False
492,feature_years_since_last_donation_past_5yr,Years Since Most Recent Donation,0.0011542979657500503,6,False
492,feature_past_5yr_max_donation,Maximum Annual Donation Amount (Past 5 Years),0.0012259735417630728,4,True
492,donor_age,Donor Age,0.0027587403511932242,1,True
492,feature_gender_identity,Gender Identity,0.0021101123369881456,2,True
492,feature_preferred_address_type,Preferred Address Type,0.0015358231983404259,3,True
493,feature_past_5yr_total_donation,Total Donation Amount (Past 5 Years),0.0010978387755934877,7,False
493,feature_past_5yr_average_donation,Average Donation Amount (Past 5 Years),0.0012202563513508287,5,False
493,feature_past_5yr_donation_frequency_rate,Donation Frequency Rate (Past 5 Years),0.0005459615900531387,8,False
493,feature_years_since_last_donation_past_5yr,Years Since Most Recent Donation,0.0011189368591721606,6,False
493,feature_past_5yr_max_donation,Maximum Annual Donation Amount (Past 5 Years),0.0013214115783287956,4,True
493,donor_age,Donor Age,0.0025323000651100553,1,True
493,feature_gender_identity,Gender Identity,0.0021600959706892207,2,True
493,feature_preferred_address_type,Preferred Address Type,0.0015606193588451355,3,True
494,feature_past_5yr_total_donation,Total Donation Amount (Past 5 Years),0.0009476014820195736,7,False
494,feature_past_5yr_average_donation,Average Donation Amount (Past 5 Years),0.0010891764037872188,6,False
494,feature_past_5yr_donation_frequency_rate,Donation Frequency Rate (Past 5 Years),0.0005557860921151734,8,False
494,feature_years_since_last_donation_past_5yr,Years Since Most Recent Donation,0.00119489787432243,5,False
494,feature_past_5yr_max_donation,Maximum Annual Donation Amount (Past 5 Years),0.0012288020594596306,4,True
494,donor_age,Donor Age,0.002586495073494567,1,True
494,feature_gender_identity,Gender Identity,0.0021013215694645547,2,True
494,feature_preferred_address_type,Preferred Address Type,0.00157945140099884,3,True
495,feature_past_5yr_total_donation,Total Donation Amount (Past 5 Years),0.0011472531329554125,7,False
495,feature_past_5yr_average_donation,Average Donation Amount (Past 5 Years),0.0012660716515789459,5,False
495,feature_past_5yr_donation_frequency_rate,Donation Frequency Rate (Past 5 Years),0.000534469536707791,8,False
495,feature_years_since_last_donation_past_5yr,Years Since Most Recent Donation,0.0011539291645333448,6,False
495,feature_past_5yr_max_donation,Maximum Annual Donation Amount (Past 5 Years),0.0013638656650421732,4,True
495,donor_age,Donor Age,0.0027925942012257563,1,True
495,feature_gender_identity,Gender Identity,0.0021316793910512227,2,True
495,feature_preferred_address_type,Preferred Address Type,0.00165588678076892,3,True
496,feature_past_5yr_total_donation,Total Donation Amount (Past 5 Years),0.0011921343116674495,6,False
496,feature_past_5yr_average_donation,Average Donation Amount (Past 5 Years),0.0013110941030863245,5,False
496,feature_past_5yr_donation_frequency_rate,Donation Frequency Rate (Past 5 Years),0.00054242527379668,8,False
496,feature_years_since_last_donation_past_5yr,Years Since Most Recent Donation,0.0011851205838745312,7,False
496,feature_past_5yr_max_donation,Maximum Annual Donation Amount (Past 5 Years),0.0013774180027709552,4,True
496,donor_age,Donor Age,0.002680524057506484,1,True
496,feature_gender_identity,Gender Identity,0.0020476743439382253,2,True
496,feature_preferred_address_type,Preferred Address Type,0.0015755740165184836,3,True
497,feature_past_5yr_total_donation,Total Donation Amount (Past 5 Years),0.001058423695310149,7,False
497,feature_past_5yr_average_donation,Average Donation Amount (Past 5 Years),0.0011848068172421104,5,False
497,feature_past_5yr_donation_frequency_rate,Donation Frequency Rate (Past 5 Years),0.0005415608230354302,8,False
497,feature_years_since_last_donation_past_5yr,Years Since Most Recent Donation,0.0011720380087009404,6,False
497,feature_past_5yr_max_donation,Maximum Annual Donation Amount (Past 5 Years),0.0012913157662841144,4,True
497,donor_age,Donor Age,0.002592583178456107,1,True
497,feature_gender_identity,Gender Identity,0.0021293304214940224,2,True
497,feature_preferred_address_type,Preferred Address Type,0.0015589415974332224,3,True
498,feature_past_5yr_total_donation,Total Donation Amount (Past 5 Years),0.0009933633971988699,7,False
498,feature_past_5yr_average_donation,Average Donation Amount (Past 5 Years),0.0011118089346492136,6,False
498,feature_past_5yr_donation_frequency_rate,Donation Frequency Rate (Past 5 Years),0.0005634654836344517,8,False
498,feature_years_since_last_donation_past_5yr,Years Since Most Recent Donation,0.0011982902860132479,5,False
498,feature_past_5yr_max_donation,Maximum Annual Donation Amount (Past 5 Years),0.001263929400487265,4,True
498,donor_age,Donor Age,0.0027094682170154495,1,True
498,feature_gender_identity,Gender Identity,0.0021343641446957924,2,True
498,feature_preferred_address_type,Preferred Address Type,0.0016713931645130652,3,True
499,feature_past_5yr_total_donation,Total Donation Amount (Past 5 Years),0.0012182058136648182,6,False
499,feature_past_5yr_average_donation,Average Donation Amount (Past 5 Years),0.0013522836443165115,5,False
499,feature_past_5yr_donation_frequency_rate,Donation Frequency Rate (Past 5 Years),0.0005610000917354416,8,False
499,feature_years_since_last_donation_past_5yr,Years Since Most Recent Donation,0.0012161654803031494,7,False
499,feature_past_5yr_max_donation,Maximum Annual Donation Amount (Past 5 Years),0.0014536608693432515,4,True
499,donor_age,Donor Age,0.0026986585297999383,1,True
499,feature_gender_identity,Gender Identity,0.002092899753694547,2,True
499,feature_preferred_address_type,Preferred Address Type,0.001567653102073163,3,True
500,feature_past_5yr_total_donation,Total Donation Amount (Past 5 Years),0.0009284594340023433,7,False
500,feature_past_5yr_average_donation,Average Donation Amount (Past 5 Years),0.0010569145302379481,6,False
500,feature_past_5yr_donation_frequency_rate,Donation Frequency Rate (Past 5 Years),0.0005525008833987914,8,False
500,feature_years_since_last_donation_past_5yr,Years Since Most Recent Donation,0.001163647438669009,5,False
500,feature_past_5yr_max_donation,Maximum Annual Donation Amount (Past 5 Years),0.0012039359148428644,4,True
500,donor_age,Donor Age,0.0026655132491331746,1,True
500,feature_gender_identity,Gender Identity,0.0021325523795860794,2,True
500,feature_preferred_address_type,Preferred Address Type,0.0015893953380284945,3,True
